date,team,player_id,name,status
2026-09-20,ATL,4712863,Mouhamed Gueye,Day-To-Day
2026-09-20,ATL,4585618,Keshon Gilbert,Day-To-Day
2026-09-20,ATL,4431941,RayJ Dennis,Day-To-Day
2026-09-20,BOS,4065648,Jayson Tatum,Day-To-Day
2026-09-20,BKN,5279130,Nolan Traore,Day-To-Day
2026-09-20,CHA,4433287,Brandon Miller,Day-To-Day
2026-09-20,CHA,4701225,PJ Hall,Day-To-Day
2026-09-20,CHI,4848625,Dailyn Swain,Day-To-Day
2026-09-20,CHI,4066650,Zach Collins,Day-To-Day
2026-09-20,CHI,4871145,Josh Giddey,Day-To-Day
2026-09-20,CHI,4684275,Rob Dillingham,Day-To-Day
2026-09-20,DAL,6442,Kyrie Irving,Day-To-Day
2026-09-20,DAL,4593125,Santi Aldama,Day-To-Day
2026-09-20,DAL,4683688,Dereck Lively II,Day-To-Day
2026-09-20,DEN,4698719,Trevon Brazile,Day-To-Day
2026-09-20,GSW,6430,Jimmy Butler III,Out
2026-09-20,GSW,4432171,Moses Moody,Out
2026-09-20,HOU,2991230,Fred VanVleet,Day-To-Day
2026-09-20,HOU,3202,Kevin Durant,Day-To-Day
2026-09-20,HOU,2991235,Steven Adams,Day-To-Day
2026-09-20,IND,4396993,Tyrese Haliburton,Day-To-Day
2026-09-20,IND,5157066,Johnny Furphy,Out
2026-09-20,LAC,3913176,Brandon Ingram,Day-To-Day
2026-09-20,LAC,4396818,Jordan Miller,Out
2026-09-20,LAC,6580,Bradley Beal,Day-To-Day
2026-09-20,LAC,5108024,Yanic Konan Niederhauser,Day-To-Day
2026-09-20,MEM,4431785,Scotty Pippen Jr.,Day-To-Day
2026-09-20,MEM,4896372,Walter Clayton Jr.,Day-To-Day
2026-09-20,MEM,5231919,Karim Lopez,Day-To-Day
2026-09-20,MEM,5105462,Richie Saunders,Out
2026-09-20,MEM,5112087,Jaylen Wells,Day-To-Day
2026-09-20,MEM,4600663,Zach Edey,Day-To-Day
2026-09-20,MIA,3032977,Giannis Antetokounmpo,Day-To-Day
2026-09-20,MIA,4066261,Bam Adebayo,Day-To-Day
2026-09-20,MIA,4432645,Trevor Keels,Day-To-Day
2026-09-20,MIA,5107157,Ryan Conwell,Day-To-Day
2026-09-20,MIA,4431772,Myron Gardner,Day-To-Day
2026-09-20,MIL,4397140,Kevin Porter Jr.,Day-To-Day
2026-09-20,MIN,3934673,Donte DiVincenzo,Out
2026-09-20,NOP,4576086,Bryce McGowens,Day-To-Day
2026-09-20,NYK,3934672,Jalen Brunson,Day-To-Day
2026-09-20,NYK,5289900,Mohamed Diawara,Day-To-Day
2026-09-20,OKC,4222252,Isaiah Hartenstein,Day-To-Day
2026-09-20,OKC,4900671,Ajay Mitchell,Day-To-Day
2026-09-20,OKC,5106270,Otega Oweh,Day-To-Day
2026-09-20,OKC,5061603,Thomas Sorber,Day-To-Day
2026-09-20,OKC,4593803,Jalen Williams,Day-To-Day
2026-09-20,OKC,5159925,Nikola Topic,Day-To-Day
2026-09-20,ORL,4566434,Franz Wagner,Day-To-Day
2026-09-20,ORL,5107251,Izaiyah Nelson,Day-To-Day
2026-09-20,ORL,4065654,Jonathan Isaac,Day-To-Day
2026-09-20,PHI,5105637,Adem Bona,Day-To-Day
2026-09-20,PHI,2581018,Kentavious Caldwell-Pope,Day-To-Day
2026-09-20,PHX,4066268,Duop Reath,Day-To-Day
2026-09-20,PHX,4701232,Mark Williams,Out
2026-09-20,PHX,4702602,CJ Huntley,Day-To-Day
2026-09-20,POR,4279888,Ja Morant,Day-To-Day
2026-09-20,POR,4914336,Shaedon Sharpe,Out
2026-09-20,POR,6606,Damian Lillard,Day-To-Day
2026-09-20,SAC,3155942,Domantas Sabonis,Day-To-Day
2026-09-20,SAC,4594327,Keegan Murray,Day-To-Day
2026-09-20,SAC,3064440,Zach LaVine,Day-To-Day
2026-09-20,SAC,4065732,De'Andre Hunter,Day-To-Day
2026-09-20,SAS,4713010,David Jones Garcia,Day-To-Day
2026-09-20,SAS,5101845,Jayden Quaintance,Out
2026-09-20,TOR,4432586,Nate Bittle,Day-To-Day
2026-09-20,TOR,4702656,Alijah Martin,Day-To-Day
2026-09-20,TOR,4590360,Chucky Hepburn,Day-To-Day
2026-09-20,TOR,5093267,Collin Murray-Boyles,Day-To-Day
2026-09-20,UTA,4277961,Jaren Jackson Jr.,Day-To-Day
2026-09-20,UTA,4433268,Trey Alexander,Day-To-Day
2026-09-20,WAS,4606840,Jamir Watkins,Out
2026-09-20,WAS,5160992,Alex Sarr,Day-To-Day
2026-09-20,WAS,6583,Anthony Davis,Day-To-Day
2026-09-20,WAS,4277905,Trae Young,Day-To-Day
2026-09-21,ATL,4712863,Mouhamed Gueye,Day-To-Day
2026-09-21,ATL,4585618,Keshon Gilbert,Day-To-Day
2026-09-21,ATL,4431941,RayJ Dennis,Day-To-Day
2026-09-21,BOS,4065648,Jayson Tatum,Day-To-Day
2026-09-21,BKN,5279130,Nolan Traore,Day-To-Day
2026-09-21,CHA,4433287,Brandon Miller,Day-To-Day
2026-09-21,CHA,4701225,PJ Hall,Day-To-Day
2026-09-21,CHI,4848625,Dailyn Swain,Day-To-Day
2026-09-21,CHI,4066650,Zach Collins,Day-To-Day
2026-09-21,CHI,4871145,Josh Giddey,Day-To-Day
2026-09-21,CHI,4684275,Rob Dillingham,Day-To-Day
2026-09-21,DAL,6442,Kyrie Irving,Day-To-Day
2026-09-21,DAL,4593125,Santi Aldama,Day-To-Day
2026-09-21,DAL,4683688,Dereck Lively II,Day-To-Day
2026-09-21,DEN,4698719,Trevon Brazile,Day-To-Day
2026-09-21,GSW,6430,Jimmy Butler III,Out
2026-09-21,GSW,4432171,Moses Moody,Out
2026-09-21,HOU,2991230,Fred VanVleet,Day-To-Day
2026-09-21,HOU,3202,Kevin Durant,Day-To-Day
2026-09-21,HOU,2991235,Steven Adams,Day-To-Day
2026-09-21,IND,4396993,Tyrese Haliburton,Day-To-Day
2026-09-21,IND,5157066,Johnny Furphy,Out
2026-09-21,LAC,3913176,Brandon Ingram,Day-To-Day
2026-09-21,LAC,4396818,Jordan Miller,Out
2026-09-21,LAC,6580,Bradley Beal,Day-To-Day
2026-09-21,LAC,5108024,Yanic Konan Niederhauser,Day-To-Day
2026-09-21,MEM,4431785,Scotty Pippen Jr.,Day-To-Day
2026-09-21,MEM,4896372,Walter Clayton Jr.,Day-To-Day
2026-09-21,MEM,5231919,Karim Lopez,Day-To-Day
2026-09-21,MEM,5105462,Richie Saunders,Out
2026-09-21,MEM,5112087,Jaylen Wells,Day-To-Day
2026-09-21,MEM,4600663,Zach Edey,Day-To-Day
2026-09-21,MIA,3032977,Giannis Antetokounmpo,Day-To-Day
2026-09-21,MIA,4066261,Bam Adebayo,Day-To-Day
2026-09-21,MIA,4432645,Trevor Keels,Day-To-Day
2026-09-21,MIA,5107157,Ryan Conwell,Day-To-Day
2026-09-21,MIA,4431772,Myron Gardner,Day-To-Day
2026-09-21,MIL,4397140,Kevin Porter Jr.,Day-To-Day
2026-09-21,MIN,3934673,Donte DiVincenzo,Out
2026-09-21,NOP,4576086,Bryce McGowens,Day-To-Day
2026-09-21,NYK,3934672,Jalen Brunson,Day-To-Day
2026-09-21,NYK,5289900,Mohamed Diawara,Day-To-Day
2026-09-21,OKC,4222252,Isaiah Hartenstein,Day-To-Day
2026-09-21,OKC,4900671,Ajay Mitchell,Day-To-Day
2026-09-21,OKC,5106270,Otega Oweh,Day-To-Day
2026-09-21,OKC,5061603,Thomas Sorber,Day-To-Day
2026-09-21,OKC,4593803,Jalen Williams,Day-To-Day
2026-09-21,OKC,5159925,Nikola Topic,Day-To-Day
2026-09-21,ORL,4566434,Franz Wagner,Day-To-Day
2026-09-21,ORL,5107251,Izaiyah Nelson,Day-To-Day
2026-09-21,ORL,4065654,Jonathan Isaac,Day-To-Day
2026-09-21,PHI,5105637,Adem Bona,Day-To-Day
2026-09-21,PHI,2581018,Kentavious Caldwell-Pope,Day-To-Day
2026-09-21,PHX,4066268,Duop Reath,Day-To-Day
2026-09-21,PHX,4701232,Mark Williams,Out
2026-09-21,PHX,4702602,CJ Huntley,Day-To-Day
2026-09-21,POR,4279888,Ja Morant,Day-To-Day
2026-09-21,POR,4914336,Shaedon Sharpe,Out
2026-09-21,POR,6606,Damian Lillard,Day-To-Day
2026-09-21,SAC,3155942,Domantas Sabonis,Day-To-Day
2026-09-21,SAC,4594327,Keegan Murray,Day-To-Day
2026-09-21,SAC,3064440,Zach LaVine,Day-To-Day
2026-09-21,SAC,4065732,De'Andre Hunter,Day-To-Day
2026-09-21,SAS,4713010,David Jones Garcia,Day-To-Day
2026-09-21,SAS,5101845,Jayden Quaintance,Out
2026-09-21,TOR,4432586,Nate Bittle,Day-To-Day
2026-09-21,TOR,4702656,Alijah Martin,Day-To-Day
2026-09-21,TOR,4590360,Chucky Hepburn,Day-To-Day
2026-09-21,TOR,5093267,Collin Murray-Boyles,Day-To-Day
2026-09-21,UTA,4277961,Jaren Jackson Jr.,Day-To-Day
2026-09-21,UTA,4433268,Trey Alexander,Day-To-Day
2026-09-21,WAS,4606840,Jamir Watkins,Out
2026-09-21,WAS,5160992,Alex Sarr,Day-To-Day
2026-09-21,WAS,6583,Anthony Davis,Day-To-Day
2026-09-21,WAS,4277905,Trae Young,Day-To-Day
2026-09-22,ATL,5105571,Henri Veesaar,Out
2026-09-22,ATL,4712863,Mouhamed Gueye,Day-To-Day
2026-09-22,ATL,4585618,Keshon Gilbert,Day-To-Day
2026-09-22,ATL,4431941,RayJ Dennis,Day-To-Day
2026-09-22,BOS,4065648,Jayson Tatum,Day-To-Day
2026-09-22,BKN,5279130,Nolan Traore,Day-To-Day
2026-09-22,CHA,4433287,Brandon Miller,Day-To-Day
2026-09-22,CHA,4701225,PJ Hall,Day-To-Day
2026-09-22,CHI,4848625,Dailyn Swain,Day-To-Day
2026-09-22,CHI,4066650,Zach Collins,Day-To-Day
2026-09-22,CHI,4871145,Josh Giddey,Day-To-Day
2026-09-22,CHI,4684275,Rob Dillingham,Day-To-Day
2026-09-22,DAL,6442,Kyrie Irving,Day-To-Day
2026-09-22,DAL,4593125,Santi Aldama,Day-To-Day
2026-09-22,DAL,4683688,Dereck Lively II,Day-To-Day
2026-09-22,DEN,4698719,Trevon Brazile,Day-To-Day
2026-09-22,GSW,6430,Jimmy Butler III,Out
2026-09-22,GSW,4432171,Moses Moody,Out
2026-09-22,HOU,2991230,Fred VanVleet,Day-To-Day
2026-09-22,HOU,3202,Kevin Durant,Day-To-Day
2026-09-22,HOU,2991235,Steven Adams,Day-To-Day
2026-09-22,IND,4396993,Tyrese Haliburton,Day-To-Day
2026-09-22,IND,5157066,Johnny Furphy,Out
2026-09-22,LAC,3913176,Brandon Ingram,Day-To-Day
2026-09-22,LAC,4396818,Jordan Miller,Out
2026-09-22,LAC,6580,Bradley Beal,Day-To-Day
2026-09-22,LAC,5108024,Yanic Konan Niederhauser,Day-To-Day
2026-09-22,MEM,4431785,Scotty Pippen Jr.,Day-To-Day
2026-09-22,MEM,4896372,Walter Clayton Jr.,Day-To-Day
2026-09-22,MEM,5231919,Karim Lopez,Day-To-Day
2026-09-22,MEM,5105462,Richie Saunders,Out
2026-09-22,MEM,5112087,Jaylen Wells,Day-To-Day
2026-09-22,MEM,4600663,Zach Edey,Day-To-Day
2026-09-22,MIA,3032977,Giannis Antetokounmpo,Day-To-Day
2026-09-22,MIA,4066261,Bam Adebayo,Day-To-Day
2026-09-22,MIA,4432645,Trevor Keels,Day-To-Day
2026-09-22,MIA,5107157,Ryan Conwell,Day-To-Day
2026-09-22,MIA,4431772,Myron Gardner,Day-To-Day
2026-09-22,MIL,4397140,Kevin Porter Jr.,Day-To-Day
2026-09-22,MIN,3934673,Donte DiVincenzo,Out
2026-09-22,NOP,4576086,Bryce McGowens,Day-To-Day
2026-09-22,NYK,3934672,Jalen Brunson,Day-To-Day
2026-09-22,NYK,5289900,Mohamed Diawara,Day-To-Day
2026-09-22,OKC,4593803,Jalen Williams,Day-To-Day
2026-09-22,OKC,4222252,Isaiah Hartenstein,Day-To-Day
2026-09-22,OKC,4900671,Ajay Mitchell,Day-To-Day
2026-09-22,OKC,5106270,Otega Oweh,Day-To-Day
2026-09-22,OKC,5061603,Thomas Sorber,Day-To-Day
2026-09-22,OKC,5159925,Nikola Topic,Day-To-Day
2026-09-22,ORL,4566434,Franz Wagner,Day-To-Day
2026-09-22,ORL,5107251,Izaiyah Nelson,Day-To-Day
2026-09-22,ORL,4065654,Jonathan Isaac,Day-To-Day
2026-09-22,PHI,5105637,Adem Bona,Day-To-Day
2026-09-22,PHI,2581018,Kentavious Caldwell-Pope,Day-To-Day
2026-09-22,PHX,4066268,Duop Reath,Day-To-Day
2026-09-22,PHX,4701232,Mark Williams,Out
2026-09-22,PHX,4702602,CJ Huntley,Day-To-Day
2026-09-22,POR,4279888,Ja Morant,Day-To-Day
2026-09-22,POR,4914336,Shaedon Sharpe,Out
2026-09-22,POR,6606,Damian Lillard,Day-To-Day
2026-09-22,SAC,3155942,Domantas Sabonis,Day-To-Day
2026-09-22,SAC,4594327,Keegan Murray,Day-To-Day
2026-09-22,SAC,3064440,Zach LaVine,Day-To-Day
2026-09-22,SAC,4065732,De'Andre Hunter,Day-To-Day
2026-09-22,SAS,4713010,David Jones Garcia,Day-To-Day
2026-09-22,SAS,5101845,Jayden Quaintance,Out
2026-09-22,TOR,4432586,Nate Bittle,Day-To-Day
2026-09-22,TOR,4702656,Alijah Martin,Day-To-Day
2026-09-22,TOR,4590360,Chucky Hepburn,Day-To-Day
2026-09-22,TOR,5093267,Collin Murray-Boyles,Day-To-Day
2026-09-22,UTA,4277961,Jaren Jackson Jr.,Day-To-Day
2026-09-22,UTA,4433268,Trey Alexander,Day-To-Day
2026-09-22,WAS,4277905,Trae Young,Day-To-Day
2026-09-22,WAS,4606840,Jamir Watkins,Out
2026-09-22,WAS,5160992,Alex Sarr,Day-To-Day
2026-09-22,WAS,6583,Anthony Davis,Day-To-Day
2026-09-23,ATL,5105571,Henri Veesaar,Out
2026-09-23,ATL,4712863,Mouhamed Gueye,Day-To-Day
2026-09-23,ATL,4585618,Keshon Gilbert,Day-To-Day
2026-09-23,ATL,4431941,RayJ Dennis,Day-To-Day
2026-09-23,BOS,4065648,Jayson Tatum,Day-To-Day
2026-09-23,BKN,5279130,Nolan Traore,Day-To-Day
2026-09-23,CHA,4433287,Brandon Miller,Day-To-Day
2026-09-23,CHA,4701225,PJ Hall,Day-To-Day
2026-09-23,CHI,4848625,Dailyn Swain,Day-To-Day
2026-09-23,CHI,4066650,Zach Collins,Day-To-Day
2026-09-23,CHI,4871145,Josh Giddey,Day-To-Day
2026-09-23,CHI,4684275,Rob Dillingham,Day-To-Day
2026-09-23,DAL,6442,Kyrie Irving,Day-To-Day
2026-09-23,DAL,4593125,Santi Aldama,Day-To-Day
2026-09-23,DAL,4683688,Dereck Lively II,Day-To-Day
2026-09-23,DEN,4698719,Trevon Brazile,Day-To-Day
2026-09-23,GSW,6430,Jimmy Butler III,Out
2026-09-23,GSW,4432171,Moses Moody,Out
2026-09-23,HOU,3202,Kevin Durant,Day-To-Day
2026-09-23,HOU,2991235,Steven Adams,Day-To-Day
2026-09-23,IND,4396993,Tyrese Haliburton,Day-To-Day
2026-09-23,IND,5157066,Johnny Furphy,Out
2026-09-23,LAC,3913176,Brandon Ingram,Day-To-Day
2026-09-23,LAC,4396818,Jordan Miller,Out
2026-09-23,LAC,6580,Bradley Beal,Day-To-Day
2026-09-23,LAC,5108024,Yanic Konan Niederhauser,Day-To-Day
2026-09-23,MEM,4431785,Scotty Pippen Jr.,Day-To-Day
2026-09-23,MEM,4896372,Walter Clayton Jr.,Day-To-Day
2026-09-23,MEM,5231919,Karim Lopez,Day-To-Day
2026-09-23,MEM,5105462,Richie Saunders,Out
2026-09-23,MEM,5112087,Jaylen Wells,Day-To-Day
2026-09-23,MEM,4600663,Zach Edey,Day-To-Day
2026-09-23,MIA,3032977,Giannis Antetokounmpo,Day-To-Day
2026-09-23,MIA,4066261,Bam Adebayo,Day-To-Day
2026-09-23,MIA,4432645,Trevor Keels,Day-To-Day
2026-09-23,MIA,5107157,Ryan Conwell,Day-To-Day
2026-09-23,MIA,4431772,Myron Gardner,Day-To-Day
2026-09-23,MIL,4397140,Kevin Porter Jr.,Day-To-Day
2026-09-23,MIN,3934673,Donte DiVincenzo,Out
2026-09-23,NOP,4576086,Bryce McGowens,Day-To-Day
2026-09-23,NYK,3934672,Jalen Brunson,Day-To-Day
2026-09-23,NYK,5289900,Mohamed Diawara,Day-To-Day
2026-09-23,OKC,4593803,Jalen Williams,Day-To-Day
2026-09-23,OKC,4222252,Isaiah Hartenstein,Day-To-Day
2026-09-23,OKC,4900671,Ajay Mitchell,Day-To-Day
2026-09-23,OKC,5106270,Otega Oweh,Day-To-Day
2026-09-23,OKC,5061603,Thomas Sorber,Day-To-Day
2026-09-23,OKC,5159925,Nikola Topic,Day-To-Day
2026-09-23,ORL,4566434,Franz Wagner,Day-To-Day
2026-09-23,ORL,5107251,Izaiyah Nelson,Day-To-Day
2026-09-23,ORL,4065654,Jonathan Isaac,Day-To-Day
2026-09-23,PHI,5105637,Adem Bona,Day-To-Day
2026-09-23,PHI,2581018,Kentavious Caldwell-Pope,Day-To-Day
2026-09-23,PHX,4066268,Duop Reath,Day-To-Day
2026-09-23,PHX,4701232,Mark Williams,Out
2026-09-23,PHX,4702602,CJ Huntley,Day-To-Day
2026-09-23,POR,4279888,Ja Morant,Day-To-Day
2026-09-23,POR,4914336,Shaedon Sharpe,Out
2026-09-23,POR,6606,Damian Lillard,Day-To-Day
2026-09-23,SAC,3155942,Domantas Sabonis,Day-To-Day
2026-09-23,SAC,4594327,Keegan Murray,Day-To-Day
2026-09-23,SAC,3064440,Zach LaVine,Day-To-Day
2026-09-23,SAC,4065732,De'Andre Hunter,Day-To-Day
2026-09-23,SAS,4713010,David Jones Garcia,Day-To-Day
2026-09-23,SAS,5101845,Jayden Quaintance,Out
2026-09-23,TOR,4432586,Nate Bittle,Day-To-Day
2026-09-23,TOR,4702656,Alijah Martin,Day-To-Day
2026-09-23,TOR,4590360,Chucky Hepburn,Day-To-Day
2026-09-23,TOR,5093267,Collin Murray-Boyles,Day-To-Day
2026-09-23,UTA,4277961,Jaren Jackson Jr.,Day-To-Day
2026-09-23,UTA,4433268,Trey Alexander,Day-To-Day
2026-09-23,WAS,4277905,Trae Young,Day-To-Day
2026-09-23,WAS,4606840,Jamir Watkins,Out
2026-09-23,WAS,5160992,Alex Sarr,Day-To-Day
2026-09-23,WAS,6583,Anthony Davis,Day-To-Day
2026-09-24,ATL,5105571,Henri Veesaar,Out
2026-09-24,ATL,4712863,Mouhamed Gueye,Day-To-Day
2026-09-24,ATL,4585618,Keshon Gilbert,Day-To-Day
2026-09-24,ATL,4431941,RayJ Dennis,Day-To-Day
2026-09-24,BOS,4065648,Jayson Tatum,Day-To-Day
2026-09-24,BKN,5279130,Nolan Traore,Day-To-Day
2026-09-24,CHA,4433287,Brandon Miller,Day-To-Day
2026-09-24,CHA,4701225,PJ Hall,Day-To-Day
2026-09-24,CHI,4848625,Dailyn Swain,Day-To-Day
2026-09-24,CHI,4066650,Zach Collins,Day-To-Day
2026-09-24,CHI,4871145,Josh Giddey,Day-To-Day
2026-09-24,CHI,4684275,Rob Dillingham,Day-To-Day
2026-09-24,DAL,4683688,Dereck Lively II,Day-To-Day
2026-09-24,DAL,6442,Kyrie Irving,Day-To-Day
2026-09-24,DAL,4593125,Santi Aldama,Day-To-Day
2026-09-24,DEN,4698719,Trevon Brazile,Day-To-Day
2026-09-24,GSW,6430,Jimmy Butler III,Out
2026-09-24,GSW,4432171,Moses Moody,Out
2026-09-24,HOU,2991235,Steven Adams,Day-To-Day
2026-09-24,IND,4396993,Tyrese Haliburton,Day-To-Day
2026-09-24,IND,5157066,Johnny Furphy,Out
2026-09-24,LAC,3913176,Brandon Ingram,Day-To-Day
2026-09-24,LAC,4396818,Jordan Miller,Out
2026-09-24,LAC,6580,Bradley Beal,Day-To-Day
2026-09-24,LAC,5108024,Yanic Konan Niederhauser,Day-To-Day
2026-09-24,MEM,4431785,Scotty Pippen Jr.,Day-To-Day
2026-09-24,MEM,4896372,Walter Clayton Jr.,Day-To-Day
2026-09-24,MEM,5231919,Karim Lopez,Day-To-Day
2026-09-24,MEM,5105462,Richie Saunders,Out
2026-09-24,MEM,5112087,Jaylen Wells,Day-To-Day
2026-09-24,MEM,4600663,Zach Edey,Day-To-Day
2026-09-24,MIA,3032977,Giannis Antetokounmpo,Day-To-Day
2026-09-24,MIA,4066261,Bam Adebayo,Day-To-Day
2026-09-24,MIA,4432645,Trevor Keels,Day-To-Day
2026-09-24,MIA,5107157,Ryan Conwell,Day-To-Day
2026-09-24,MIA,4431772,Myron Gardner,Day-To-Day
2026-09-24,MIL,4397140,Kevin Porter Jr.,Day-To-Day
2026-09-24,MIN,3934673,Donte DiVincenzo,Out
2026-09-24,NOP,4576086,Bryce McGowens,Day-To-Day
2026-09-24,NYK,3934672,Jalen Brunson,Day-To-Day
2026-09-24,NYK,5289900,Mohamed Diawara,Day-To-Day
2026-09-24,OKC,4593803,Jalen Williams,Day-To-Day
2026-09-24,OKC,4222252,Isaiah Hartenstein,Day-To-Day
2026-09-24,OKC,4900671,Ajay Mitchell,Day-To-Day
2026-09-24,OKC,5106270,Otega Oweh,Day-To-Day
2026-09-24,OKC,5061603,Thomas Sorber,Day-To-Day
2026-09-24,OKC,5159925,Nikola Topic,Day-To-Day
2026-09-24,ORL,4566434,Franz Wagner,Day-To-Day
2026-09-24,ORL,5107251,Izaiyah Nelson,Day-To-Day
2026-09-24,ORL,4065654,Jonathan Isaac,Day-To-Day
2026-09-24,PHI,5105637,Adem Bona,Day-To-Day
2026-09-24,PHI,2581018,Kentavious Caldwell-Pope,Day-To-Day
2026-09-24,PHX,4066268,Duop Reath,Day-To-Day
2026-09-24,PHX,4701232,Mark Williams,Out
2026-09-24,PHX,4702602,CJ Huntley,Day-To-Day
2026-09-24,POR,4279888,Ja Morant,Day-To-Day
2026-09-24,POR,4914336,Shaedon Sharpe,Out
2026-09-24,POR,6606,Damian Lillard,Day-To-Day
2026-09-24,SAC,4594327,Keegan Murray,Day-To-Day
2026-09-24,SAC,3064440,Zach LaVine,Day-To-Day
2026-09-24,SAC,4065732,De'Andre Hunter,Day-To-Day
2026-09-24,SAS,4713010,David Jones Garcia,Day-To-Day
2026-09-24,SAS,5101845,Jayden Quaintance,Out
2026-09-24,TOR,4432586,Nate Bittle,Day-To-Day
2026-09-24,TOR,4702656,Alijah Martin,Day-To-Day
2026-09-24,TOR,4590360,Chucky Hepburn,Day-To-Day
2026-09-24,TOR,5093267,Collin Murray-Boyles,Day-To-Day
2026-09-24,UTA,4277961,Jaren Jackson Jr.,Day-To-Day
2026-09-24,UTA,4433268,Trey Alexander,Day-To-Day
2026-09-24,WAS,5160992,Alex Sarr,Day-To-Day
2026-09-24,WAS,4277905,Trae Young,Day-To-Day
2026-09-24,WAS,4606840,Jamir Watkins,Out
2026-09-24,WAS,6583,Anthony Davis,Day-To-Day
2026-09-25,ATL,5105571,Henri Veesaar,Out
2026-09-25,ATL,4712863,Mouhamed Gueye,Day-To-Day
2026-09-25,ATL,4585618,Keshon Gilbert,Day-To-Day
2026-09-25,ATL,4431941,RayJ Dennis,Day-To-Day
2026-09-25,BKN,5279130,Nolan Traore,Day-To-Day
2026-09-25,CHA,4433287,Brandon Miller,Day-To-Day
2026-09-25,CHA,4701225,PJ Hall,Day-To-Day
2026-09-25,CHI,4848625,Dailyn Swain,Day-To-Day
2026-09-25,CHI,4066650,Zach Collins,Day-To-Day
2026-09-25,CHI,4871145,Josh Giddey,Day-To-Day
2026-09-25,CHI,4684275,Rob Dillingham,Day-To-Day
2026-09-25,DAL,6442,Kyrie Irving,Day-To-Day
2026-09-25,DAL,4683688,Dereck Lively II,Day-To-Day
2026-09-25,DAL,4593125,Santi Aldama,Day-To-Day
2026-09-25,DEN,4698719,Trevon Brazile,Day-To-Day
2026-09-25,GSW,6430,Jimmy Butler III,Out
2026-09-25,GSW,4432171,Moses Moody,Out
2026-09-25,HOU,2991235,Steven Adams,Day-To-Day
2026-09-25,IND,5157066,Johnny Furphy,Out
2026-09-25,LAC,3913176,Brandon Ingram,Day-To-Day
2026-09-25,LAC,4396818,Jordan Miller,Out
2026-09-25,LAC,6580,Bradley Beal,Day-To-Day
2026-09-25,LAC,5108024,Yanic Konan Niederhauser,Day-To-Day
2026-09-25,MEM,4431785,Scotty Pippen Jr.,Day-To-Day
2026-09-25,MEM,4896372,Walter Clayton Jr.,Day-To-Day
2026-09-25,MEM,5231919,Karim Lopez,Day-To-Day
2026-09-25,MEM,5105462,Richie Saunders,Out
2026-09-25,MEM,5112087,Jaylen Wells,Day-To-Day
2026-09-25,MEM,4600663,Zach Edey,Day-To-Day
2026-09-25,MIA,3032977,Giannis Antetokounmpo,Day-To-Day
2026-09-25,MIA,4066261,Bam Adebayo,Day-To-Day
2026-09-25,MIA,4432645,Trevor Keels,Day-To-Day
2026-09-25,MIA,5107157,Ryan Conwell,Day-To-Day
2026-09-25,MIA,4431772,Myron Gardner,Day-To-Day
2026-09-25,MIL,4397140,Kevin Porter Jr.,Day-To-Day
2026-09-25,MIN,3934673,Donte DiVincenzo,Out
2026-09-25,NOP,4576086,Bryce McGowens,Day-To-Day
2026-09-25,NYK,5289900,Mohamed Diawara,Day-To-Day
2026-09-25,OKC,4900671,Ajay Mitchell,Day-To-Day
2026-09-25,OKC,5061603,Thomas Sorber,Day-To-Day
2026-09-25,OKC,5159925,Nikola Topic,Day-To-Day
2026-09-25,OKC,4222252,Isaiah Hartenstein,Day-To-Day
2026-09-25,OKC,5106270,Otega Oweh,Day-To-Day
2026-09-25,ORL,4566434,Franz Wagner,Day-To-Day
2026-09-25,ORL,5107251,Izaiyah Nelson,Day-To-Day
2026-09-25,ORL,4065654,Jonathan Isaac,Day-To-Day
2026-09-25,PHI,5105637,Adem Bona,Day-To-Day
2026-09-25,PHI,2581018,Kentavious Caldwell-Pope,Day-To-Day
2026-09-25,PHX,4066268,Duop Reath,Day-To-Day
2026-09-25,PHX,4701232,Mark Williams,Out
2026-09-25,PHX,4702602,CJ Huntley,Day-To-Day
2026-09-25,POR,4279888,Ja Morant,Day-To-Day
2026-09-25,POR,4914336,Shaedon Sharpe,Out
2026-09-25,POR,6606,Damian Lillard,Day-To-Day
2026-09-25,SAC,4594327,Keegan Murray,Day-To-Day
2026-09-25,SAC,3064440,Zach LaVine,Day-To-Day
2026-09-25,SAC,4065732,De'Andre Hunter,Day-To-Day
2026-09-25,SAS,4713010,David Jones Garcia,Day-To-Day
2026-09-25,SAS,5101845,Jayden Quaintance,Out
2026-09-25,TOR,4432586,Nate Bittle,Day-To-Day
2026-09-25,TOR,4702656,Alijah Martin,Day-To-Day
2026-09-25,TOR,4590360,Chucky Hepburn,Day-To-Day
2026-09-25,TOR,5093267,Collin Murray-Boyles,Day-To-Day
2026-09-25,UTA,4277961,Jaren Jackson Jr.,Day-To-Day
2026-09-25,UTA,4433268,Trey Alexander,Day-To-Day
2026-09-25,WAS,6583,Anthony Davis,Day-To-Day
2026-09-25,WAS,5160992,Alex Sarr,Day-To-Day
2026-09-25,WAS,4277905,Trae Young,Day-To-Day
2026-09-25,WAS,4606840,Jamir Watkins,Out
2026-09-26,ATL,5105571,Henri Veesaar,Out
2026-09-26,ATL,4712863,Mouhamed Gueye,Day-To-Day
2026-09-26,ATL,4585618,Keshon Gilbert,Day-To-Day
2026-09-26,ATL,4431941,RayJ Dennis,Day-To-Day
2026-09-26,BKN,5279130,Nolan Traore,Day-To-Day
2026-09-26,CHA,5061575,Kon Knueppel,Day-To-Day
2026-09-26,CHA,4066218,Grant Williams,Day-To-Day
2026-09-26,CHA,4433287,Brandon Miller,Day-To-Day
2026-09-26,CHA,4701225,PJ Hall,Day-To-Day
2026-09-26,CHI,4848625,Dailyn Swain,Day-To-Day
2026-09-26,CHI,4066650,Zach Collins,Day-To-Day
2026-09-26,CHI,4871145,Josh Giddey,Day-To-Day
2026-09-26,CHI,4684275,Rob Dillingham,Day-To-Day
2026-09-26,CLE,4576087,Peyton Watson,Day-To-Day
2026-09-26,DAL,6442,Kyrie Irving,Day-To-Day
2026-09-26,DAL,4683688,Dereck Lively II,Day-To-Day
2026-09-26,DAL,4593125,Santi Aldama,Day-To-Day
2026-09-26,DEN,4698719,Trevon Brazile,Day-To-Day
2026-09-26,GSW,6430,Jimmy Butler III,Out
2026-09-26,GSW,4432171,Moses Moody,Out
2026-09-26,HOU,2991235,Steven Adams,Day-To-Day
2026-09-26,IND,5157066,Johnny Furphy,Out
2026-09-26,LAC,3913176,Brandon Ingram,Day-To-Day
2026-09-26,LAC,4396818,Jordan Miller,Out
2026-09-26,LAC,6580,Bradley Beal,Day-To-Day
2026-09-26,LAC,5108024,Yanic Konan Niederhauser,Day-To-Day
2026-09-26,MEM,4431785,Scotty Pippen Jr.,Day-To-Day
2026-09-26,MEM,4896372,Walter Clayton Jr.,Day-To-Day
2026-09-26,MEM,5231919,Karim Lopez,Day-To-Day
2026-09-26,MEM,5105462,Richie Saunders,Out
2026-09-26,MEM,5112087,Jaylen Wells,Day-To-Day
2026-09-26,MEM,4600663,Zach Edey,Day-To-Day
2026-09-26,MIA,3032977,Giannis Antetokounmpo,Day-To-Day
2026-09-26,MIA,4066261,Bam Adebayo,Day-To-Day
2026-09-26,MIA,4432645,Trevor Keels,Day-To-Day
2026-09-26,MIA,5107157,Ryan Conwell,Day-To-Day
2026-09-26,MIA,4431772,Myron Gardner,Day-To-Day
2026-09-26,MIL,4397140,Kevin Porter Jr.,Day-To-Day
2026-09-26,MIN,3934673,Donte DiVincenzo,Out
2026-09-26,NOP,4576086,Bryce McGowens,Day-To-Day
2026-09-26,NYK,5289900,Mohamed Diawara,Day-To-Day
2026-09-26,OKC,4900671,Ajay Mitchell,Day-To-Day
2026-09-26,OKC,5061603,Thomas Sorber,Day-To-Day
2026-09-26,OKC,5159925,Nikola Topic,Day-To-Day
2026-09-26,OKC,4222252,Isaiah Hartenstein,Day-To-Day
2026-09-26,OKC,5106270,Otega Oweh,Day-To-Day
2026-09-26,ORL,4566434,Franz Wagner,Day-To-Day
2026-09-26,ORL,5107251,Izaiyah Nelson,Day-To-Day
2026-09-26,ORL,4065654,Jonathan Isaac,Day-To-Day
2026-09-26,PHI,5105637,Adem Bona,Day-To-Day
2026-09-26,PHI,2581018,Kentavious Caldwell-Pope,Day-To-Day
2026-09-26,PHX,4066268,Duop Reath,Day-To-Day
2026-09-26,PHX,4701232,Mark Williams,Out
2026-09-26,PHX,4702602,CJ Huntley,Day-To-Day
2026-09-26,POR,4279888,Ja Morant,Day-To-Day
2026-09-26,POR,4914336,Shaedon Sharpe,Out
2026-09-26,SAC,4594327,Keegan Murray,Day-To-Day
2026-09-26,SAC,3064440,Zach LaVine,Day-To-Day
2026-09-26,SAC,4065732,De'Andre Hunter,Day-To-Day
2026-09-26,SAS,4713010,David Jones Garcia,Day-To-Day
2026-09-26,SAS,5101845,Jayden Quaintance,Out
2026-09-26,TOR,4432586,Nate Bittle,Day-To-Day
2026-09-26,TOR,4702656,Alijah Martin,Day-To-Day
2026-09-26,TOR,4590360,Chucky Hepburn,Day-To-Day
2026-09-26,TOR,5093267,Collin Murray-Boyles,Day-To-Day
2026-09-26,UTA,4277961,Jaren Jackson Jr.,Day-To-Day
2026-09-26,UTA,4433268,Trey Alexander,Day-To-Day
2026-09-26,WAS,6583,Anthony Davis,Day-To-Day
2026-09-26,WAS,5160992,Alex Sarr,Day-To-Day
2026-09-26,WAS,4277905,Trae Young,Day-To-Day
2026-09-26,WAS,4606840,Jamir Watkins,Out
2026-09-27,ATL,5105571,Henri Veesaar,Out
2026-09-27,ATL,4712863,Mouhamed Gueye,Day-To-Day
2026-09-27,ATL,4585618,Keshon Gilbert,Day-To-Day
2026-09-27,ATL,4431941,RayJ Dennis,Day-To-Day
2026-09-27,BKN,5279130,Nolan Traore,Day-To-Day
2026-09-27,CHA,4684275,Rob Dillingham,Day-To-Day
2026-09-27,CHA,5061575,Kon Knueppel,Day-To-Day
2026-09-27,CHA,4066218,Grant Williams,Day-To-Day
2026-09-27,CHA,4433287,Brandon Miller,Day-To-Day
2026-09-27,CHA,4701225,PJ Hall,Day-To-Day
2026-09-27,CHI,4848625,Dailyn Swain,Day-To-Day
2026-09-27,CHI,4066650,Zach Collins,Day-To-Day
2026-09-27,CHI,4871145,Josh Giddey,Day-To-Day
2026-09-27,CLE,4576087,Peyton Watson,Day-To-Day
2026-09-27,DAL,4593125,Santi Aldama,Day-To-Day
2026-09-27,DAL,6442,Kyrie Irving,Day-To-Day
2026-09-27,DAL,4683688,Dereck Lively II,Day-To-Day
2026-09-27,DEN,4698719,Trevon Brazile,Day-To-Day
2026-09-27,GSW,6430,Jimmy Butler III,Out
2026-09-27,GSW,4432171,Moses Moody,Out
2026-09-27,HOU,2991235,Steven Adams,Day-To-Day
2026-09-27,IND,5157066,Johnny Furphy,Out
2026-09-27,LAC,3913176,Brandon Ingram,Day-To-Day
2026-09-27,LAC,4396818,Jordan Miller,Out
2026-09-27,LAC,6580,Bradley Beal,Day-To-Day
2026-09-27,LAC,5108024,Yanic Konan Niederhauser,Day-To-Day
2026-09-27,MEM,4431785,Scotty Pippen Jr.,Day-To-Day
2026-09-27,MEM,4896372,Walter Clayton Jr.,Day-To-Day
2026-09-27,MEM,5231919,Karim Lopez,Day-To-Day
2026-09-27,MEM,5105462,Richie Saunders,Out
2026-09-27,MEM,5112087,Jaylen Wells,Day-To-Day
2026-09-27,MEM,4600663,Zach Edey,Day-To-Day
2026-09-27,MIA,3032977,Giannis Antetokounmpo,Day-To-Day
2026-09-27,MIA,4066261,Bam Adebayo,Day-To-Day
2026-09-27,MIA,4432645,Trevor Keels,Day-To-Day
2026-09-27,MIA,5107157,Ryan Conwell,Day-To-Day
2026-09-27,MIA,4431772,Myron Gardner,Day-To-Day
2026-09-27,MIL,4397140,Kevin Porter Jr.,Day-To-Day
2026-09-27,MIN,3934673,Donte DiVincenzo,Out
2026-09-27,NOP,4576086,Bryce McGowens,Day-To-Day
2026-09-27,NYK,5289900,Mohamed Diawara,Day-To-Day
2026-09-27,OKC,4900671,Ajay Mitchell,Day-To-Day
2026-09-27,OKC,5061603,Thomas Sorber,Day-To-Day
2026-09-27,OKC,5159925,Nikola Topic,Day-To-Day
2026-09-27,OKC,4222252,Isaiah Hartenstein,Day-To-Day
2026-09-27,OKC,5106270,Otega Oweh,Day-To-Day
2026-09-27,ORL,4566434,Franz Wagner,Day-To-Day
2026-09-27,ORL,5107251,Izaiyah Nelson,Day-To-Day
2026-09-27,ORL,4065654,Jonathan Isaac,Day-To-Day
2026-09-27,PHI,5105637,Adem Bona,Day-To-Day
2026-09-27,PHI,2581018,Kentavious Caldwell-Pope,Day-To-Day
2026-09-27,PHX,4066268,Duop Reath,Day-To-Day
2026-09-27,PHX,4701232,Mark Williams,Out
2026-09-27,PHX,4702602,CJ Huntley,Day-To-Day
2026-09-27,POR,4279888,Ja Morant,Day-To-Day
2026-09-27,POR,4914336,Shaedon Sharpe,Out
2026-09-27,SAC,4594327,Keegan Murray,Day-To-Day
2026-09-27,SAC,3064440,Zach LaVine,Day-To-Day
2026-09-27,SAC,4065732,De'Andre Hunter,Day-To-Day
2026-09-27,SAS,4713010,David Jones Garcia,Day-To-Day
2026-09-27,SAS,5101845,Jayden Quaintance,Out
2026-09-27,TOR,4432586,Nate Bittle,Day-To-Day
2026-09-27,TOR,4702656,Alijah Martin,Day-To-Day
2026-09-27,TOR,4590360,Chucky Hepburn,Day-To-Day
2026-09-27,TOR,5093267,Collin Murray-Boyles,Day-To-Day
2026-09-27,UTA,4277961,Jaren Jackson Jr.,Day-To-Day
2026-09-27,UTA,4433268,Trey Alexander,Day-To-Day
2026-09-27,WAS,6583,Anthony Davis,Day-To-Day
2026-09-27,WAS,5160992,Alex Sarr,Day-To-Day
2026-09-27,WAS,4277905,Trae Young,Day-To-Day
2026-09-27,WAS,4606840,Jamir Watkins,Out
2026-09-28,ATL,5105571,Henri Veesaar,Out
2026-09-28,ATL,4712863,Mouhamed Gueye,Day-To-Day
2026-09-28,ATL,4585618,Keshon Gilbert,Day-To-Day
2026-09-28,ATL,4431941,RayJ Dennis,Day-To-Day
2026-09-28,BKN,5101761,Mikel Brown Jr.,Day-To-Day
2026-09-28,CHA,5061575,Kon Knueppel,Day-To-Day
2026-09-28,CHA,4684275,Rob Dillingham,Day-To-Day
2026-09-28,CHA,4066218,Grant Williams,Day-To-Day
2026-09-28,CHA,4701225,PJ Hall,Day-To-Day
2026-09-28,CHI,4848625,Dailyn Swain,Day-To-Day
2026-09-28,CHI,4066650,Zach Collins,Day-To-Day
2026-09-28,CHI,4871145,Josh Giddey,Day-To-Day
2026-09-28,CLE,4576087,Peyton Watson,Day-To-Day
2026-09-28,DAL,4593125,Santi Aldama,Day-To-Day
2026-09-28,DAL,6442,Kyrie Irving,Day-To-Day
2026-09-28,DAL,4683688,Dereck Lively II,Day-To-Day
2026-09-28,DEN,4698719,Trevon Brazile,Day-To-Day
2026-09-28,GSW,3102531,Kristaps Porzingis,Day-To-Day
2026-09-28,GSW,6430,Jimmy Butler III,Out
2026-09-28,GSW,4432171,Moses Moody,Out
2026-09-28,HOU,2991235,Steven Adams,Day-To-Day
2026-09-28,IND,5157066,Johnny Furphy,Out
2026-09-28,LAC,6580,Bradley Beal,Day-To-Day
2026-09-28,LAC,5108024,Yanic Konan Niederhauser,Out
2026-09-28,LAC,3913176,Brandon Ingram,Out
2026-09-28,LAC,4396818,Jordan Miller,Out
2026-09-28,MEM,4432185,Micah Peavy,Day-To-Day
2026-09-28,MEM,4600663,Zach Edey,Day-To-Day
2026-09-28,MEM,4431785,Scotty Pippen Jr.,Day-To-Day
2026-09-28,MEM,4896372,Walter Clayton Jr.,Day-To-Day
2026-09-28,MEM,5231919,Karim Lopez,Day-To-Day
2026-09-28,MEM,5105462,Richie Saunders,Out
2026-09-28,MEM,5112087,Jaylen Wells,Day-To-Day
2026-09-28,MIA,3032977,Giannis Antetokounmpo,Day-To-Day
2026-09-28,MIA,4066261,Bam Adebayo,Day-To-Day
2026-09-28,MIA,5107157,Ryan Conwell,Day-To-Day
2026-09-28,MIA,4431772,Myron Gardner,Day-To-Day
2026-09-28,MIL,4397140,Kevin Porter Jr.,Day-To-Day
2026-09-28,MIN,3934673,Donte DiVincenzo,Out
2026-09-28,NOP,4576086,Bryce McGowens,Day-To-Day
2026-09-28,NYK,5289900,Mohamed Diawara,Day-To-Day
2026-09-28,OKC,4900671,Ajay Mitchell,Day-To-Day
2026-09-28,OKC,5061603,Thomas Sorber,Day-To-Day
2026-09-28,OKC,5159925,Nikola Topic,Day-To-Day
2026-09-28,OKC,4222252,Isaiah Hartenstein,Day-To-Day
2026-09-28,OKC,5106270,Otega Oweh,Day-To-Day
2026-09-28,ORL,5107251,Izaiyah Nelson,Day-To-Day
2026-09-28,ORL,4065654,Jonathan Isaac,Day-To-Day
2026-09-28,ORL,4566434,Franz Wagner,Day-To-Day
2026-09-28,PHI,5105637,Adem Bona,Day-To-Day
2026-09-28,PHI,2581018,Kentavious Caldwell-Pope,Day-To-Day
2026-09-28,PHX,4066268,Duop Reath,Day-To-Day
2026-09-28,PHX,4701232,Mark Williams,Out
2026-09-28,PHX,4702602,CJ Huntley,Day-To-Day
2026-09-28,POR,4914336,Shaedon Sharpe,Out
2026-09-28,SAC,4594327,Keegan Murray,Day-To-Day
2026-09-28,SAC,3064440,Zach LaVine,Day-To-Day
2026-09-28,SAC,4065732,De'Andre Hunter,Day-To-Day
2026-09-28,SAS,4713010,David Jones Garcia,Day-To-Day
2026-09-28,SAS,5101845,Jayden Quaintance,Out
2026-09-28,TOR,4432586,Nate Bittle,Day-To-Day
2026-09-28,TOR,4702656,Alijah Martin,Day-To-Day
2026-09-28,TOR,4590360,Chucky Hepburn,Day-To-Day
2026-09-28,UTA,4277961,Jaren Jackson Jr.,Day-To-Day
2026-09-28,UTA,4433268,Trey Alexander,Day-To-Day
2026-09-28,WAS,6583,Anthony Davis,Day-To-Day
2026-09-28,WAS,5160992,Alex Sarr,Day-To-Day
2026-09-28,WAS,4277905,Trae Young,Day-To-Day
2026-09-28,WAS,4606840,Jamir Watkins,Out
2026-09-29,ATL,5105571,Henri Veesaar,Out
2026-09-29,ATL,4712863,Mouhamed Gueye,Day-To-Day
2026-09-29,ATL,4585618,Keshon Gilbert,Day-To-Day
2026-09-29,ATL,4431941,RayJ Dennis,Day-To-Day
2026-09-29,BKN,5101761,Mikel Brown Jr.,Day-To-Day
2026-09-29,CHA,5061575,Kon Knueppel,Day-To-Day
2026-09-29,CHA,4066218,Grant Williams,Day-To-Day
2026-09-29,CHA,4701225,PJ Hall,Day-To-Day
2026-09-29,CHI,4066650,Zach Collins,Day-To-Day
2026-09-29,CHI,4848625,Dailyn Swain,Day-To-Day
2026-09-29,CLE,4576087,Peyton Watson,Day-To-Day
2026-09-29,DAL,4873153,Morez Johnson Jr.,Day-To-Day
2026-09-29,DAL,4593125,Santi Aldama,Day-To-Day
2026-09-29,DAL,6442,Kyrie Irving,Day-To-Day
2026-09-29,DAL,4683688,Dereck Lively II,Day-To-Day
2026-09-29,DEN,4698719,Trevon Brazile,Day-To-Day
2026-09-29,GSW,3102531,Kristaps Porzingis,Day-To-Day
2026-09-29,GSW,6430,Jimmy Butler III,Out
2026-09-29,GSW,4432171,Moses Moody,Out
2026-09-29,GSW,5170949,Alex Toohey,Day-To-Day
2026-09-29,HOU,2991235,Steven Adams,Day-To-Day
2026-09-29,IND,5157066,Johnny Furphy,Out
2026-09-29,LAC,6580,Bradley Beal,Day-To-Day
2026-09-29,LAC,5108024,Yanic Konan Niederhauser,Out
2026-09-29,LAC,3913176,Brandon Ingram,Out
2026-09-29,LAC,4396818,Jordan Miller,Out
2026-09-29,MEM,4432185,Micah Peavy,Day-To-Day
2026-09-29,MEM,4600663,Zach Edey,Day-To-Day
2026-09-29,MEM,4431785,Scotty Pippen Jr.,Day-To-Day
2026-09-29,MEM,4896372,Walter Clayton Jr.,Day-To-Day
2026-09-29,MEM,5231919,Karim Lopez,Day-To-Day
2026-09-29,MEM,5112087,Jaylen Wells,Day-To-Day
2026-09-29,MIA,3032977,Giannis Antetokounmpo,Day-To-Day
2026-09-29,MIA,4066261,Bam Adebayo,Day-To-Day
2026-09-29,MIA,5107157,Ryan Conwell,Day-To-Day
2026-09-29,MIA,4431772,Myron Gardner,Day-To-Day
2026-09-29,MIL,4397140,Kevin Porter Jr.,Day-To-Day
2026-09-29,MIN,3934673,Donte DiVincenzo,Out
2026-09-29,NOP,4576086,Bryce McGowens,Day-To-Day
2026-09-29,NYK,4592401,N'Faly Dante,Out
2026-09-29,NYK,3914285,Drew Eubanks,Day-To-Day
2026-09-29,NYK,5289900,Mohamed Diawara,Day-To-Day
2026-09-29,OKC,4900671,Ajay Mitchell,Day-To-Day
2026-09-29,OKC,5061603,Thomas Sorber,Day-To-Day
2026-09-29,OKC,5159925,Nikola Topic,Day-To-Day
2026-09-29,OKC,4222252,Isaiah Hartenstein,Day-To-Day
2026-09-29,OKC,5106270,Otega Oweh,Day-To-Day
2026-09-29,ORL,5107251,Izaiyah Nelson,Out
2026-09-29,ORL,4065654,Jonathan Isaac,Day-To-Day
2026-09-29,PHI,5105637,Adem Bona,Day-To-Day
2026-09-29,PHI,2581018,Kentavious Caldwell-Pope,Day-To-Day
2026-09-29,PHX,4066268,Duop Reath,Day-To-Day
2026-09-29,PHX,4701232,Mark Williams,Out
2026-09-29,PHX,4702602,CJ Huntley,Day-To-Day
2026-09-29,POR,4914336,Shaedon Sharpe,Out
2026-09-29,SAS,4713010,David Jones Garcia,Day-To-Day
2026-09-29,SAS,5101845,Jayden Quaintance,Out
2026-09-29,TOR,4432586,Nate Bittle,Day-To-Day
2026-09-29,TOR,4702656,Alijah Martin,Day-To-Day
2026-09-29,TOR,4590360,Chucky Hepburn,Day-To-Day
2026-09-29,UTA,4277961,Jaren Jackson Jr.,Day-To-Day
2026-09-29,UTA,4433268,Trey Alexander,Day-To-Day
2026-09-29,WAS,6583,Anthony Davis,Day-To-Day
2026-09-29,WAS,5160992,Alex Sarr,Day-To-Day
2026-09-29,WAS,4277905,Trae Young,Day-To-Day
2026-09-29,WAS,4606840,Jamir Watkins,Out
2026-09-30,ATL,5105571,Henri Veesaar,Out
2026-09-30,ATL,4712863,Mouhamed Gueye,Day-To-Day
2026-09-30,ATL,4585618,Keshon Gilbert,Day-To-Day
2026-09-30,ATL,4431941,RayJ Dennis,Day-To-Day
2026-09-30,BKN,5101761,Mikel Brown Jr.,Day-To-Day
2026-09-30,CHA,5061575,Kon Knueppel,Day-To-Day
2026-09-30,CHA,4066218,Grant Williams,Day-To-Day
2026-09-30,CHA,4701225,PJ Hall,Day-To-Day
2026-09-30,CHI,4066650,Zach Collins,Day-To-Day
2026-09-30,CLE,4576087,Peyton Watson,Day-To-Day
2026-09-30,DAL,4873153,Morez Johnson Jr.,Day-To-Day
2026-09-30,DAL,4593125,Santi Aldama,Day-To-Day
2026-09-30,DAL,6442,Kyrie Irving,Day-To-Day
2026-09-30,DAL,4683688,Dereck Lively II,Day-To-Day
2026-09-30,DEN,4698719,Trevon Brazile,Day-To-Day
2026-09-30,DET,4433621,Jalen Duren,Day-To-Day
2026-09-30,GSW,3102531,Kristaps Porzingis,Day-To-Day
2026-09-30,GSW,6430,Jimmy Butler III,Out
2026-09-30,GSW,4432171,Moses Moody,Out
2026-09-30,GSW,5170949,Alex Toohey,Day-To-Day
2026-09-30,IND,2580365,Larry Nance Jr.,Day-To-Day
2026-09-30,IND,5157066,Johnny Furphy,Out
2026-09-30,LAC,6580,Bradley Beal,Day-To-Day
2026-09-30,LAC,5108024,Yanic Konan Niederhauser,Out
2026-09-30,LAC,3913176,Brandon Ingram,Out
2026-09-30,LAC,4396818,Jordan Miller,Out
2026-09-30,MEM,4432185,Micah Peavy,Day-To-Day
2026-09-30,MEM,4600663,Zach Edey,Day-To-Day
2026-09-30,MEM,4431785,Scotty Pippen Jr.,Day-To-Day
2026-09-30,MEM,4896372,Walter Clayton Jr.,Day-To-Day
2026-09-30,MEM,5231919,Karim Lopez,Day-To-Day
2026-09-30,MEM,5112087,Jaylen Wells,Day-To-Day
2026-09-30,MIA,5107157,Ryan Conwell,Day-To-Day
2026-09-30,MIA,4431772,Myron Gardner,Day-To-Day
2026-09-30,MIL,4397140,Kevin Porter Jr.,Day-To-Day
2026-09-30,MIN,3934673,Donte DiVincenzo,Out
2026-09-30,NOP,4576086,Bryce McGowens,Day-To-Day
2026-09-30,NYK,4592401,N'Faly Dante,Out
2026-09-30,NYK,3914285,Drew Eubanks,Day-To-Day
2026-09-30,NYK,5289900,Mohamed Diawara,Day-To-Day
2026-09-30,OKC,4900671,Ajay Mitchell,Day-To-Day
2026-09-30,OKC,5061603,Thomas Sorber,Day-To-Day
2026-09-30,OKC,5159925,Nikola Topic,Day-To-Day
2026-09-30,OKC,4222252,Isaiah Hartenstein,Day-To-Day
2026-09-30,OKC,5106270,Otega Oweh,Day-To-Day
2026-09-30,ORL,5214637,Noah Penda,Day-To-Day
2026-09-30,ORL,4712849,Anthony Black,Day-To-Day
2026-09-30,ORL,5107251,Izaiyah Nelson,Out
2026-09-30,ORL,4065654,Jonathan Isaac,Day-To-Day
2026-09-30,PHI,5105637,Adem Bona,Day-To-Day
2026-09-30,PHI,2581018,Kentavious Caldwell-Pope,Day-To-Day
2026-09-30,PHX,4066268,Duop Reath,Day-To-Day
2026-09-30,PHX,4701232,Mark Williams,Out
2026-09-30,PHX,4702602,CJ Huntley,Day-To-Day
2026-09-30,POR,4914336,Shaedon Sharpe,Out
2026-09-30,SAS,4713010,David Jones Garcia,Day-To-Day
2026-09-30,SAS,5101845,Jayden Quaintance,Out
2026-09-30,TOR,4432586,Nate Bittle,Day-To-Day
2026-09-30,TOR,4702656,Alijah Martin,Day-To-Day
2026-09-30,TOR,4590360,Chucky Hepburn,Day-To-Day
2026-09-30,UTA,4277961,Jaren Jackson Jr.,Day-To-Day
2026-09-30,UTA,4433268,Trey Alexander,Day-To-Day
2026-09-30,WAS,6583,Anthony Davis,Day-To-Day
2026-09-30,WAS,5160992,Alex Sarr,Day-To-Day
2026-09-30,WAS,4277905,Trae Young,Day-To-Day
2026-09-30,WAS,4606840,Jamir Watkins,Out
2026-10-02,ATL,5105571,Henri Veesaar,Out
2026-10-02,ATL,4712863,Mouhamed Gueye,Day-To-Day
2026-10-02,ATL,4585618,Keshon Gilbert,Day-To-Day
2026-10-02,ATL,4431941,RayJ Dennis,Day-To-Day
2026-10-02,BKN,5101761,Mikel Brown Jr.,Day-To-Day
2026-10-02,CHA,5061575,Kon Knueppel,Day-To-Day
2026-10-02,CHA,4066218,Grant Williams,Day-To-Day
2026-10-02,CHA,4701225,PJ Hall,Day-To-Day
2026-10-02,CHI,4066650,Zach Collins,Day-To-Day
2026-10-02,CLE,4576087,Peyton Watson,Day-To-Day
2026-10-02,DAL,4873153,Morez Johnson Jr.,Day-To-Day
2026-10-02,DAL,4593125,Santi Aldama,Day-To-Day
2026-10-02,DAL,6442,Kyrie Irving,Day-To-Day
2026-10-02,DAL,4683688,Dereck Lively II,Day-To-Day
2026-10-02,DEN,4698719,Trevon Brazile,Day-To-Day
2026-10-02,GSW,6430,Jimmy Butler III,Out
2026-10-02,GSW,3102531,Kristaps Porzingis,Day-To-Day
2026-10-02,GSW,4432171,Moses Moody,Out
2026-10-02,GSW,5170949,Alex Toohey,Day-To-Day
2026-10-02,IND,2580365,Larry Nance Jr.,Day-To-Day
2026-10-02,IND,5157066,Johnny Furphy,Out
2026-10-02,LAC,6580,Bradley Beal,Day-To-Day
2026-10-02,LAC,5108024,Yanic Konan Niederhauser,Out
2026-10-02,LAC,3913176,Brandon Ingram,Out
2026-10-02,LAC,4396818,Jordan Miller,Out
2026-10-02,MEM,4600663,Zach Edey,Day-To-Day
2026-10-02,MEM,4432185,Micah Peavy,Day-To-Day
2026-10-02,MEM,5231919,Karim Lopez,Day-To-Day
2026-10-02,MIA,4431786,Keshad Johnson,Out
2026-10-02,MIA,4066993,Dru Smith,Day-To-Day
2026-10-02,MIA,4431772,Myron Gardner,Day-To-Day
2026-10-02,MIN,3934673,Donte DiVincenzo,Out
2026-10-02,NOP,4576086,Bryce McGowens,Day-To-Day
2026-10-02,NYK,3914285,Drew Eubanks,Day-To-Day
2026-10-02,NYK,5289900,Mohamed Diawara,Day-To-Day
2026-10-02,OKC,5061603,Thomas Sorber,Day-To-Day
2026-10-02,OKC,5159925,Nikola Topic,Day-To-Day
2026-10-02,OKC,5106270,Otega Oweh,Day-To-Day
2026-10-02,ORL,5214637,Noah Penda,Day-To-Day
2026-10-02,ORL,4712849,Anthony Black,Day-To-Day
2026-10-02,ORL,5107251,Izaiyah Nelson,Out
2026-10-02,ORL,4065654,Jonathan Isaac,Day-To-Day
2026-10-02,PHI,3904625,Tacko Fall,Day-To-Day
2026-10-02,PHI,5105637,Adem Bona,Day-To-Day
2026-10-02,PHX,4066268,Duop Reath,Day-To-Day
2026-10-02,PHX,4701232,Mark Williams,Out
2026-10-02,PHX,4702602,CJ Huntley,Day-To-Day
2026-10-02,POR,4914336,Shaedon Sharpe,Out
2026-10-02,SAS,4713010,David Jones Garcia,Day-To-Day
2026-10-02,SAS,5101845,Jayden Quaintance,Out
2026-10-02,TOR,4431893,Jamison Battle,Day-To-Day
2026-10-02,TOR,2993874,Kyle Anderson,Day-To-Day
2026-10-02,TOR,5149115,Allen Graves,Day-To-Day
2026-10-02,TOR,4432586,Nate Bittle,Day-To-Day
2026-10-02,TOR,4702656,Alijah Martin,Day-To-Day
2026-10-02,TOR,4590360,Chucky Hepburn,Day-To-Day
2026-10-02,UTA,4433268,Trey Alexander,Day-To-Day
2026-10-02,WAS,4997537,Tristan Vukcevic,Out
2026-10-02,WAS,5160992,Alex Sarr,Day-To-Day
2026-10-02,WAS,4606840,Jamir Watkins,Out
2026-10-03,ATL,5105571,Henri Veesaar,Out
2026-10-03,ATL,4712863,Mouhamed Gueye,Day-To-Day
2026-10-03,ATL,4585618,Keshon Gilbert,Day-To-Day
2026-10-03,ATL,4431941,RayJ Dennis,Day-To-Day
2026-10-03,BKN,5101761,Mikel Brown Jr.,Day-To-Day
2026-10-03,CHA,5061575,Kon Knueppel,Day-To-Day
2026-10-03,CHA,4066218,Grant Williams,Day-To-Day
2026-10-03,CHA,4701225,PJ Hall,Day-To-Day
2026-10-03,CHI,4066650,Zach Collins,Day-To-Day
2026-10-03,CLE,4576087,Peyton Watson,Day-To-Day
2026-10-03,DAL,4873153,Morez Johnson Jr.,Day-To-Day
2026-10-03,DAL,4593125,Santi Aldama,Day-To-Day
2026-10-03,DAL,6442,Kyrie Irving,Day-To-Day
2026-10-03,DAL,4683688,Dereck Lively II,Day-To-Day
2026-10-03,DEN,4592427,Spencer Jones,Day-To-Day
2026-10-03,DEN,4698719,Trevon Brazile,Day-To-Day
2026-10-03,GSW,6430,Jimmy Butler III,Out
2026-10-03,GSW,3102531,Kristaps Porzingis,Day-To-Day
2026-10-03,GSW,4432171,Moses Moody,Out
2026-10-03,GSW,5170949,Alex Toohey,Day-To-Day
2026-10-03,IND,2580365,Larry Nance Jr.,Day-To-Day
2026-10-03,IND,5157066,Johnny Furphy,Out
2026-10-03,LAC,6580,Bradley Beal,Day-To-Day
2026-10-03,LAC,5108024,Yanic Konan Niederhauser,Out
2026-10-03,LAC,3913176,Brandon Ingram,Out
2026-10-03,LAC,4396818,Jordan Miller,Out
2026-10-03,MEM,4600663,Zach Edey,Day-To-Day
2026-10-03,MEM,4432185,Micah Peavy,Day-To-Day
2026-10-03,MEM,5231919,Karim Lopez,Day-To-Day
2026-10-03,MIA,4431786,Keshad Johnson,Out
2026-10-03,MIA,4066993,Dru Smith,Day-To-Day
2026-10-03,MIA,4431772,Myron Gardner,Day-To-Day
2026-10-03,MIN,3934673,Donte DiVincenzo,Out
2026-10-03,NOP,4576086,Bryce McGowens,Day-To-Day
2026-10-03,NYK,3914285,Drew Eubanks,Day-To-Day
2026-10-03,NYK,5289900,Mohamed Diawara,Day-To-Day
2026-10-03,OKC,5061603,Thomas Sorber,Day-To-Day
2026-10-03,OKC,5159925,Nikola Topic,Day-To-Day
2026-10-03,OKC,5106270,Otega Oweh,Day-To-Day
2026-10-03,ORL,5214637,Noah Penda,Day-To-Day
2026-10-03,ORL,4712849,Anthony Black,Day-To-Day
2026-10-03,ORL,5107251,Izaiyah Nelson,Out
2026-10-03,ORL,4065654,Jonathan Isaac,Day-To-Day
2026-10-03,PHI,3904625,Tacko Fall,Day-To-Day
2026-10-03,PHI,5105637,Adem Bona,Day-To-Day
2026-10-03,PHX,4066268,Duop Reath,Day-To-Day
2026-10-03,PHX,4701232,Mark Williams,Out
2026-10-03,PHX,4702602,CJ Huntley,Day-To-Day
2026-10-03,POR,4914336,Shaedon Sharpe,Out
2026-10-03,SAS,4713010,David Jones Garcia,Day-To-Day
2026-10-03,SAS,5101845,Jayden Quaintance,Out
2026-10-03,TOR,4431893,Jamison Battle,Day-To-Day
2026-10-03,TOR,2993874,Kyle Anderson,Day-To-Day
2026-10-03,TOR,5149115,Allen Graves,Day-To-Day
2026-10-03,TOR,4432586,Nate Bittle,Day-To-Day
2026-10-03,TOR,4702656,Alijah Martin,Day-To-Day
2026-10-03,TOR,4590360,Chucky Hepburn,Day-To-Day
2026-10-03,UTA,4433268,Trey Alexander,Day-To-Day
2026-10-03,WAS,4997537,Tristan Vukcevic,Out
2026-10-03,WAS,5160992,Alex Sarr,Day-To-Day
2026-10-03,WAS,4606840,Jamir Watkins,Out
2026-10-04,ATL,5105571,Henri Veesaar,Out
2026-10-04,ATL,4712863,Mouhamed Gueye,Day-To-Day
2026-10-04,ATL,4585618,Keshon Gilbert,Day-To-Day
2026-10-04,ATL,4431941,RayJ Dennis,Day-To-Day
2026-10-04,BKN,5101761,Mikel Brown Jr.,Day-To-Day
2026-10-04,CHA,5061575,Kon Knueppel,Day-To-Day
2026-10-04,CHA,4066218,Grant Williams,Day-To-Day
2026-10-04,CHA,4701225,PJ Hall,Day-To-Day
2026-10-04,CHI,4066650,Zach Collins,Day-To-Day
2026-10-04,CLE,4576087,Peyton Watson,Day-To-Day
2026-10-04,DAL,4873153,Morez Johnson Jr.,Day-To-Day
2026-10-04,DAL,4593125,Santi Aldama,Day-To-Day
2026-10-04,DAL,6442,Kyrie Irving,Day-To-Day
2026-10-04,DAL,4683688,Dereck Lively II,Day-To-Day
2026-10-04,DEN,4592427,Spencer Jones,Day-To-Day
2026-10-04,DEN,4698719,Trevon Brazile,Day-To-Day
2026-10-04,DET,4433621,Jalen Duren,Day-To-Day
2026-10-04,GSW,6430,Jimmy Butler III,Out
2026-10-04,GSW,3102531,Kristaps Porzingis,Day-To-Day
2026-10-04,GSW,4432171,Moses Moody,Out
2026-10-04,GSW,5170949,Alex Toohey,Day-To-Day
2026-10-04,IND,4592829,Quenton Jackson,Day-To-Day
2026-10-04,IND,2530530,T.J. McConnell,Day-To-Day
2026-10-04,IND,2580365,Larry Nance Jr.,Day-To-Day
2026-10-04,IND,5157066,Johnny Furphy,Out
2026-10-04,LAC,4702352,Kobe Sanders,Day-To-Day
2026-10-04,LAC,6580,Bradley Beal,Day-To-Day
2026-10-04,LAC,5108024,Yanic Konan Niederhauser,Out
2026-10-04,LAC,3913176,Brandon Ingram,Out
2026-10-04,LAC,4396818,Jordan Miller,Out
2026-10-04,MEM,4600663,Zach Edey,Day-To-Day
2026-10-04,MEM,4432185,Micah Peavy,Day-To-Day
2026-10-04,MEM,5231919,Karim Lopez,Day-To-Day
2026-10-04,MIA,4431786,Keshad Johnson,Out
2026-10-04,MIA,4066993,Dru Smith,Day-To-Day
2026-10-04,MIN,3934673,Donte DiVincenzo,Out
2026-10-04,NOP,4576086,Bryce McGowens,Day-To-Day
2026-10-04,NYK,3914285,Drew Eubanks,Day-To-Day
2026-10-04,OKC,5061603,Thomas Sorber,Day-To-Day
2026-10-04,OKC,5159925,Nikola Topic,Day-To-Day
2026-10-04,OKC,5106270,Otega Oweh,Day-To-Day
2026-10-04,ORL,5214637,Noah Penda,Day-To-Day
2026-10-04,ORL,4712849,Anthony Black,Day-To-Day
2026-10-04,ORL,5107251,Izaiyah Nelson,Out
2026-10-04,ORL,4065654,Jonathan Isaac,Day-To-Day
2026-10-04,PHI,3904625,Tacko Fall,Day-To-Day
2026-10-04,PHI,5105637,Adem Bona,Day-To-Day
2026-10-04,PHX,4701232,Mark Williams,Out
2026-10-04,POR,4914336,Shaedon Sharpe,Out
2026-10-04,SAS,4713010,David Jones Garcia,Day-To-Day
2026-10-04,SAS,5101845,Jayden Quaintance,Out
2026-10-04,TOR,4432586,Nate Bittle,Day-To-Day
2026-10-04,TOR,4702656,Alijah Martin,Day-To-Day
2026-10-04,TOR,4431684,Trayce Jackson-Davis,Day-To-Day
2026-10-04,TOR,4431893,Jamison Battle,Day-To-Day
2026-10-04,TOR,2993874,Kyle Anderson,Day-To-Day
2026-10-04,TOR,5149115,Allen Graves,Day-To-Day
2026-10-04,TOR,6450,Kawhi Leonard,Day-To-Day
2026-10-04,UTA,4433268,Trey Alexander,Day-To-Day
2026-10-04,WAS,5160992,Alex Sarr,Day-To-Day
2026-10-04,WAS,4997537,Tristan Vukcevic,Out
2026-10-04,WAS,4606840,Jamir Watkins,Out
2026-10-05,ATL,5105571,Henri Veesaar,Out
2026-10-05,ATL,4712863,Mouhamed Gueye,Day-To-Day
2026-10-05,ATL,4585618,Keshon Gilbert,Day-To-Day
2026-10-05,ATL,4431941,RayJ Dennis,Day-To-Day
2026-10-05,BKN,4870564,Joshua Jefferson,Day-To-Day
2026-10-05,BKN,5101761,Mikel Brown Jr.,Day-To-Day
2026-10-05,CHA,5061575,Kon Knueppel,Day-To-Day
2026-10-05,CHA,4066218,Grant Williams,Day-To-Day
2026-10-05,CHA,4701225,PJ Hall,Day-To-Day
2026-10-05,CHI,4278067,Nic Claxton,Day-To-Day
2026-10-05,CHI,4066650,Zach Collins,Day-To-Day
2026-10-05,CLE,4576087,Peyton Watson,Day-To-Day
2026-10-05,DAL,4873153,Morez Johnson Jr.,Day-To-Day
2026-10-05,DAL,4593125,Santi Aldama,Day-To-Day
2026-10-05,DAL,6442,Kyrie Irving,Day-To-Day
2026-10-05,DAL,4683688,Dereck Lively II,Day-To-Day
2026-10-05,DEN,4592427,Spencer Jones,Day-To-Day
2026-10-05,DEN,3936299,Jamal Murray,Day-To-Day
2026-10-05,DET,4433621,Jalen Duren,Day-To-Day
2026-10-05,GSW,6430,Jimmy Butler III,Out
2026-10-05,GSW,3102531,Kristaps Porzingis,Day-To-Day
2026-10-05,GSW,4432171,Moses Moody,Out
2026-10-05,IND,4592829,Quenton Jackson,Day-To-Day
2026-10-05,IND,2530530,T.J. McConnell,Day-To-Day
2026-10-05,IND,2580365,Larry Nance Jr.,Day-To-Day
2026-10-05,IND,5157066,Johnny Furphy,Out
2026-10-05,LAC,4065778,Max Strus,Day-To-Day
2026-10-05,LAC,4702352,Kobe Sanders,Day-To-Day
2026-10-05,LAC,6580,Bradley Beal,Day-To-Day
2026-10-05,LAC,5108024,Yanic Konan Niederhauser,Out
2026-10-05,LAC,3913176,Brandon Ingram,Out
2026-10-05,LAC,4396818,Jordan Miller,Out
2026-10-05,MEM,4600663,Zach Edey,Day-To-Day
2026-10-05,MEM,4432185,Micah Peavy,Day-To-Day
2026-10-05,MEM,5231919,Karim Lopez,Day-To-Day
2026-10-05,MIA,4431786,Keshad Johnson,Out
2026-10-05,MIA,4066993,Dru Smith,Day-To-Day
2026-10-05,MIN,3934673,Donte DiVincenzo,Out
2026-10-05,NOP,4576086,Bryce McGowens,Day-To-Day
2026-10-05,NYK,3914285,Drew Eubanks,Day-To-Day
2026-10-05,OKC,5061603,Thomas Sorber,Day-To-Day
2026-10-05,OKC,5159925,Nikola Topic,Day-To-Day
2026-10-05,OKC,4683692,Cason Wallace,Day-To-Day
2026-10-05,OKC,2991350,Alex Caruso,Day-To-Day
2026-10-05,OKC,4433255,Chet Holmgren,Day-To-Day
2026-10-05,OKC,4222252,Isaiah Hartenstein,Day-To-Day
2026-10-05,OKC,4593803,Jalen Williams,Day-To-Day
2026-10-05,OKC,4278073,Shai Gilgeous-Alexander,Day-To-Day
2026-10-05,OKC,5106270,Otega Oweh,Day-To-Day
2026-10-05,ORL,4432165,Jalen Suggs,Day-To-Day
2026-10-05,ORL,5214637,Noah Penda,Day-To-Day
2026-10-05,ORL,4712849,Anthony Black,Day-To-Day
2026-10-05,ORL,5107251,Izaiyah Nelson,Out
2026-10-05,ORL,4065654,Jonathan Isaac,Day-To-Day
2026-10-05,PHI,4351851,Anfernee Simons,Day-To-Day
2026-10-05,PHI,4870562,Dominick Barlow,Day-To-Day
2026-10-05,PHI,5105637,Adem Bona,Day-To-Day
2026-10-05,PHI,4431678,Tyrese Maxey,Day-To-Day
2026-10-05,PHI,1966,LeBron James,Day-To-Day
2026-10-05,PHI,3059318,Joel Embiid,Day-To-Day
2026-10-05,PHI,3904625,Tacko Fall,Day-To-Day
2026-10-05,PHX,4701232,Mark Williams,Out
2026-10-05,POR,4914336,Shaedon Sharpe,Out
2026-10-05,SAC,3907387,Ben Simmons,Day-To-Day
2026-10-05,SAS,6440,Tobias Harris,Day-To-Day
2026-10-05,SAS,4713010,David Jones Garcia,Day-To-Day
2026-10-05,SAS,5101845,Jayden Quaintance,Out
2026-10-05,TOR,4433134,Scottie Barnes,Day-To-Day
2026-10-05,TOR,6450,Kawhi Leonard,Day-To-Day
2026-10-05,TOR,4432586,Nate Bittle,Day-To-Day
2026-10-05,TOR,4702656,Alijah Martin,Day-To-Day
2026-10-05,TOR,4431684,Trayce Jackson-Davis,Day-To-Day
2026-10-05,TOR,4431893,Jamison Battle,Day-To-Day
2026-10-05,TOR,2993874,Kyle Anderson,Day-To-Day
2026-10-05,TOR,5149115,Allen Graves,Day-To-Day
2026-10-05,UTA,4432811,Josh Green,Day-To-Day
2026-10-05,UTA,5105839,Brice Sensabaugh,Day-To-Day
2026-10-05,UTA,4684793,Kyle Filipowski,Day-To-Day
2026-10-05,WAS,5160992,Alex Sarr,Day-To-Day
2026-10-05,WAS,4997537,Tristan Vukcevic,Out
2026-10-05,WAS,4606840,Jamir Watkins,Out
2026-10-06,ATL,4397183,Aaron Wiggins,Day-To-Day
2026-10-06,ATL,4397020,Luguentz Dort,Day-To-Day
2026-10-06,ATL,2490149,CJ McCollum,Day-To-Day
2026-10-06,ATL,5105571,Henri Veesaar,Out
2026-10-06,ATL,4712863,Mouhamed Gueye,Day-To-Day
2026-10-06,BKN,4870564,Joshua Jefferson,Day-To-Day
2026-10-06,BKN,5101761,Mikel Brown Jr.,Day-To-Day
2026-10-06,CHA,4684269,Kylan Boswell,Day-To-Day
2026-10-06,CHA,4395651,Coby White,Day-To-Day
2026-10-06,CHA,5061575,Kon Knueppel,Day-To-Day
2026-10-06,CHA,4066218,Grant Williams,Day-To-Day
2026-10-06,CHA,4701225,PJ Hall,Day-To-Day
2026-10-06,CHI,4278067,Nic Claxton,Day-To-Day
2026-10-06,CHI,4066650,Zach Collins,Day-To-Day
2026-10-06,CLE,4576087,Peyton Watson,Day-To-Day
2026-10-06,DAL,4873153,Morez Johnson Jr.,Day-To-Day
2026-10-06,DAL,4593125,Santi Aldama,Day-To-Day
2026-10-06,DAL,4683688,Dereck Lively II,Day-To-Day
2026-10-06,DEN,4592427,Spencer Jones,Day-To-Day
2026-10-06,DEN,3936299,Jamal Murray,Day-To-Day
2026-10-06,DET,4433621,Jalen Duren,Day-To-Day
2026-10-06,GSW,6430,Jimmy Butler III,Out
2026-10-06,GSW,3102531,Kristaps Porzingis,Day-To-Day
2026-10-06,GSW,4432171,Moses Moody,Out
2026-10-06,IND,4592829,Quenton Jackson,Day-To-Day
2026-10-06,IND,2530530,T.J. McConnell,Day-To-Day
2026-10-06,IND,2580365,Larry Nance Jr.,Day-To-Day
2026-10-06,IND,5157066,Johnny Furphy,Out
2026-10-06,LAC,4065778,Max Strus,Out
2026-10-06,LAC,4702352,Kobe Sanders,Day-To-Day
2026-10-06,LAC,6580,Bradley Beal,Day-To-Day
2026-10-06,LAC,5108024,Yanic Konan Niederhauser,Out
2026-10-06,LAC,3913176,Brandon Ingram,Out
2026-10-06,LAC,4396818,Jordan Miller,Out
2026-10-06,LAL,4433599,Arthur Kaluma,Day-To-Day
2026-10-06,LAL,4277811,Collin Sexton,Day-To-Day
2026-10-06,LAL,4066457,Austin Reaves,Day-To-Day
2026-10-06,LAL,4433136,Walker Kessler,Day-To-Day
2026-10-06,MEM,4432185,Micah Peavy,Day-To-Day
2026-10-06,MEM,4432810,Isaiah Stewart,Day-To-Day
2026-10-06,MEM,4600663,Zach Edey,Day-To-Day
2026-10-06,MIA,4431786,Keshad Johnson,Out
2026-10-06,MIA,4066993,Dru Smith,Day-To-Day
2026-10-06,MIN,3934673,Donte DiVincenzo,Out
2026-10-06,NOP,4576086,Bryce McGowens,Day-To-Day
2026-10-06,NYK,4277869,Jose Alvarado,Day-To-Day
2026-10-06,OKC,5061603,Thomas Sorber,Day-To-Day
2026-10-06,OKC,5159925,Nikola Topic,Day-To-Day
2026-10-06,OKC,4683692,Cason Wallace,Day-To-Day
2026-10-06,OKC,2991350,Alex Caruso,Day-To-Day
2026-10-06,OKC,4433255,Chet Holmgren,Day-To-Day
2026-10-06,OKC,4222252,Isaiah Hartenstein,Day-To-Day
2026-10-06,OKC,4593803,Jalen Williams,Day-To-Day
2026-10-06,OKC,4278073,Shai Gilgeous-Alexander,Day-To-Day
2026-10-06,ORL,4432165,Jalen Suggs,Day-To-Day
2026-10-06,ORL,4065654,Jonathan Isaac,Day-To-Day
2026-10-06,ORL,5214637,Noah Penda,Day-To-Day
2026-10-06,ORL,4712849,Anthony Black,Day-To-Day
2026-10-06,ORL,5107251,Izaiyah Nelson,Out
2026-10-06,PHI,4871141,Ariel Hukporti,Day-To-Day
2026-10-06,PHI,4351851,Anfernee Simons,Day-To-Day
2026-10-06,PHI,4870562,Dominick Barlow,Day-To-Day
2026-10-06,PHI,5105637,Adem Bona,Day-To-Day
2026-10-06,PHI,4431678,Tyrese Maxey,Day-To-Day
2026-10-06,PHI,1966,LeBron James,Day-To-Day
2026-10-06,PHI,3059318,Joel Embiid,Day-To-Day
2026-10-06,PHI,3904625,Tacko Fall,Day-To-Day
2026-10-06,PHX,4701232,Mark Williams,Out
2026-10-06,POR,4914336,Shaedon Sharpe,Out
2026-10-06,SAC,4594327,Keegan Murray,Day-To-Day
2026-10-06,SAC,4066262,Malik Monk,Day-To-Day
2026-10-06,SAC,3907387,Ben Simmons,Day-To-Day
2026-10-06,SAS,5101845,Jayden Quaintance,Out
2026-10-06,SAS,6440,Tobias Harris,Day-To-Day
2026-10-06,SAS,4713010,David Jones Garcia,Day-To-Day
2026-10-06,TOR,4431684,Trayce Jackson-Davis,Day-To-Day
2026-10-06,TOR,4431893,Jamison Battle,Day-To-Day
2026-10-06,TOR,5149115,Allen Graves,Day-To-Day
2026-10-06,TOR,6450,Kawhi Leonard,Day-To-Day
2026-10-06,TOR,4432586,Nate Bittle,Day-To-Day
2026-10-06,UTA,3102530,Jusuf Nurkic,Day-To-Day
2026-10-06,UTA,4684793,Kyle Filipowski,Day-To-Day
2026-10-06,UTA,4432811,Josh Green,Day-To-Day
2026-10-06,UTA,5105839,Brice Sensabaugh,Day-To-Day
2026-10-06,WAS,5160992,Alex Sarr,Day-To-Day
2026-10-06,WAS,4997537,Tristan Vukcevic,Out
2026-10-06,WAS,4606840,Jamir Watkins,Out
2026-10-07,ATL,4397183,Aaron Wiggins,Day-To-Day
2026-10-07,ATL,4397020,Luguentz Dort,Day-To-Day
2026-10-07,ATL,2490149,CJ McCollum,Day-To-Day
2026-10-07,ATL,5105571,Henri Veesaar,Out
2026-10-07,ATL,4712863,Mouhamed Gueye,Day-To-Day
2026-10-07,BKN,4870564,Joshua Jefferson,Day-To-Day
2026-10-07,BKN,5101761,Mikel Brown Jr.,Day-To-Day
2026-10-07,CHA,4433287,Brandon Miller,Day-To-Day
2026-10-07,CHA,5060701,Christian Anderson,Day-To-Day
2026-10-07,CHA,4684269,Kylan Boswell,Day-To-Day
2026-10-07,CHA,4395651,Coby White,Day-To-Day
2026-10-07,CHA,5061575,Kon Knueppel,Day-To-Day
2026-10-07,CHA,4066218,Grant Williams,Day-To-Day
2026-10-07,CHI,4066650,Zach Collins,Day-To-Day
2026-10-07,CHI,4278067,Nic Claxton,Day-To-Day
2026-10-07,CLE,4576087,Peyton Watson,Day-To-Day
2026-10-07,DAL,4873153,Morez Johnson Jr.,Day-To-Day
2026-10-07,DAL,4593125,Santi Aldama,Day-To-Day
2026-10-07,DAL,4683688,Dereck Lively II,Day-To-Day
2026-10-07,DEN,4592427,Spencer Jones,Day-To-Day
2026-10-07,DET,4433621,Jalen Duren,Day-To-Day
2026-10-07,GSW,4997536,Gui Santos,Day-To-Day
2026-10-07,GSW,4709138,Brandin Podziemski,Day-To-Day
2026-10-07,GSW,3134903,Gary Payton II,Day-To-Day
2026-10-07,GSW,2990969,Georges Niang,Day-To-Day
2026-10-07,GSW,4066436,De'Anthony Melton,Day-To-Day
2026-10-07,GSW,5175737,Yaxel Lendeborg,Day-To-Day
2026-10-07,GSW,3975,Stephen Curry,Day-To-Day
2026-10-07,GSW,6589,Draymond Green,Day-To-Day
2026-10-07,GSW,3213,Al Horford,Day-To-Day
2026-10-07,GSW,3102531,Kristaps Porzingis,Day-To-Day
2026-10-07,GSW,6430,Jimmy Butler III,Out
2026-10-07,GSW,4432171,Moses Moody,Out
2026-10-07,IND,4592829,Quenton Jackson,Day-To-Day
2026-10-07,IND,2530530,T.J. McConnell,Day-To-Day
2026-10-07,IND,2580365,Larry Nance Jr.,Day-To-Day
2026-10-07,IND,5157066,Johnny Furphy,Out
2026-10-07,LAC,4065778,Max Strus,Out
2026-10-07,LAC,4702352,Kobe Sanders,Day-To-Day
2026-10-07,LAC,6580,Bradley Beal,Day-To-Day
2026-10-07,LAC,5108024,Yanic Konan Niederhauser,Out
2026-10-07,LAC,3913176,Brandon Ingram,Out
2026-10-07,LAC,4396818,Jordan Miller,Out
2026-10-07,LAL,4433599,Arthur Kaluma,Day-To-Day
2026-10-07,LAL,4277811,Collin Sexton,Day-To-Day
2026-10-07,LAL,4433137,Ziaire Williams,Day-To-Day
2026-10-07,LAL,4433136,Walker Kessler,Day-To-Day
2026-10-07,LAL,3945274,Luka Doncic,Day-To-Day
2026-10-07,LAL,3907498,Matisse Thybulle,Day-To-Day
2026-10-07,LAL,4066457,Austin Reaves,Day-To-Day
2026-10-07,MEM,4432185,Micah Peavy,Day-To-Day
2026-10-07,MEM,4432810,Isaiah Stewart,Day-To-Day
2026-10-07,MEM,4600663,Zach Edey,Day-To-Day
2026-10-07,MIA,4431786,Keshad Johnson,Out
2026-10-07,MIA,4066993,Dru Smith,Day-To-Day
2026-10-07,MIN,3934673,Donte DiVincenzo,Out
2026-10-07,NYK,4277869,Jose Alvarado,Day-To-Day
2026-10-07,OKC,4432823,Jaylin Williams,Day-To-Day
2026-10-07,OKC,5061603,Thomas Sorber,Day-To-Day
2026-10-07,OKC,5159925,Nikola Topic,Day-To-Day
2026-10-07,OKC,4683692,Cason Wallace,Day-To-Day
2026-10-07,OKC,2991350,Alex Caruso,Day-To-Day
2026-10-07,OKC,4433255,Chet Holmgren,Day-To-Day
2026-10-07,OKC,4222252,Isaiah Hartenstein,Day-To-Day
2026-10-07,OKC,4593803,Jalen Williams,Day-To-Day
2026-10-07,OKC,4278073,Shai Gilgeous-Alexander,Day-To-Day
2026-10-07,ORL,4432165,Jalen Suggs,Day-To-Day
2026-10-07,ORL,4065654,Jonathan Isaac,Day-To-Day
2026-10-07,ORL,5214637,Noah Penda,Day-To-Day
2026-10-07,ORL,4712849,Anthony Black,Day-To-Day
2026-10-07,ORL,5107251,Izaiyah Nelson,Out
2026-10-07,PHI,4870562,Dominick Barlow,Day-To-Day
2026-10-07,PHI,4351851,Anfernee Simons,Day-To-Day
2026-10-07,PHI,5105637,Adem Bona,Day-To-Day
2026-10-07,PHI,4871141,Ariel Hukporti,Out
2026-10-07,PHI,4431678,Tyrese Maxey,Day-To-Day
2026-10-07,PHI,1966,LeBron James,Day-To-Day
2026-10-07,PHI,3059318,Joel Embiid,Day-To-Day
2026-10-07,PHI,3904625,Tacko Fall,Day-To-Day
2026-10-07,PHX,4701232,Mark Williams,Out
2026-10-07,POR,4914336,Shaedon Sharpe,Out
2026-10-07,SAC,4594327,Keegan Murray,Day-To-Day
2026-10-07,SAC,4066262,Malik Monk,Day-To-Day
2026-10-07,SAC,3907387,Ben Simmons,Day-To-Day
2026-10-07,SAS,5101845,Jayden Quaintance,Out
2026-10-07,SAS,6440,Tobias Harris,Day-To-Day
2026-10-07,SAS,4713010,David Jones Garcia,Day-To-Day
2026-10-07,TOR,4431684,Trayce Jackson-Davis,Day-To-Day
2026-10-07,TOR,4431893,Jamison Battle,Day-To-Day
2026-10-07,TOR,5149115,Allen Graves,Day-To-Day
2026-10-07,TOR,6450,Kawhi Leonard,Day-To-Day
2026-10-07,TOR,4432586,Nate Bittle,Day-To-Day
2026-10-07,UTA,4066336,Lauri Markkanen,Day-To-Day
2026-10-07,UTA,5105839,Brice Sensabaugh,Day-To-Day
2026-10-07,UTA,3102530,Jusuf Nurkic,Day-To-Day
2026-10-07,UTA,4684793,Kyle Filipowski,Day-To-Day
2026-10-07,WAS,5160992,Alex Sarr,Day-To-Day
2026-10-07,WAS,4997537,Tristan Vukcevic,Out
2026-10-07,WAS,4606840,Jamir Watkins,Out
