game_id,date,away,home,pHome,spread,total,team_pHome,home_line,total_line,logged
2027_20261020_BOS_DET,2026-10-20,BOS,DET,0.5157,-0.4,217.4,0.5933,-1.5,220.5,2026-10-09T17:16Z
2027_20261020_OKC_SAS,2026-10-20,OKC,SAS,0.5615,-1.6,219.6,0.6041,-2.5,230.5,2026-10-10T16:05Z
2027_20261020_PHI_NYK,2026-10-20,PHI,NYK,0.749,-7.1,222.9,0.7980,-5.5,231.5,2026-10-03T02:54Z
2027_20261021_ATL_ORL,2026-10-21,ATL,ORL,0.6062,-2.9,221.9,0.6149,-2.5,233.5,2026-10-03T02:54Z
2027_20261021_CHA_BKN,2026-10-21,CHA,BKN,0.3106,5.3,222.5,0.2409,2.5,223.5,2026-10-06T17:02Z
2027_20261021_CHI_TOR,2026-10-21,CHI,TOR,0.7398,-7.2,232.4,0.7699,-8.5,235.5,2026-10-08T17:41Z
2027_20261021_DAL_HOU,2026-10-21,DAL,HOU,0.8018,-9.4,226.5,0.7881,-7.5,226.5,2026-10-10T16:05Z
2027_20261021_GSW_LAL,2026-10-21,GSW,LAL,0.6537,-4.1,220,0.7274,-4.5,235.5,2026-10-09T17:16Z
2027_20261021_IND_NOP,2026-10-21,IND,NOP,0.4983,0,237.6,0.6500,4.5,242.5,2026-10-10T16:05Z
2027_20261021_MIL_WAS,2026-10-21,MIL,WAS,0.4787,0.6,230.8,0.4548,-6.5,238.5,2026-10-06T17:02Z
2027_20261021_MIN_MIA,2026-10-21,MIN,MIA,0.552,-1.4,232.4,0.5339,-1.5,243.5,2026-10-09T17:16Z
2027_20261021_PHX_POR,2026-10-21,PHX,POR,0.5623,-1.7,223.5,0.5786,-4.5,235.5,2026-10-10T16:05Z
2027_20261021_SAC_LAC,2026-10-21,SAC,LAC,0.7847,-8.5,224.6,0.7618,-4.5,230.5,2026-10-06T17:02Z
2027_20261021_UTA_MEM,2026-10-21,UTA,MEM,0.5722,-2,242.3,0.6113,2.5,242.5,2026-10-08T17:41Z
2027_20261022_CLE_PHI,2026-10-22,CLE,PHI,0.5885,-2.3,224.4,0.5264,-3.5,233.5,2026-10-10T16:05Z
2027_20261022_DEN_OKC,2026-10-22,DEN,OKC,0.7626,-7.8,228.3,0.7183,-7.5,232.5,2026-10-05T19:28Z
2027_20261023_ATL_CHA,2026-10-23,ATL,CHA,0.5701,-1.9,223,0.6737,,,2026-10-03T02:54Z
2027_20261023_CHI_MIL,2026-10-23,CHI,MIL,0.5811,-2.3,232.9,0.5860,,,2026-10-08T17:41Z
2027_20261023_DAL_IND,2026-10-23,DAL,IND,0.6284,-3.6,234.4,0.5638,,,2026-10-03T02:54Z
2027_20261023_DET_MIA,2026-10-23,DET,MIA,0.5336,-0.9,224,0.4586,,,2026-10-09T17:16Z
2027_20261023_HOU_SAS,2026-10-23,HOU,SAS,0.6661,-4.5,219.5,0.7363,-6.5,225.5,2026-10-09T17:16Z
2027_20261023_LAC_LAL,2026-10-23,LAC,LAL,0.6112,-2.9,221.4,0.6466,,,2026-10-06T17:02Z
2027_20261023_MEM_GSW,2026-10-23,MEM,GSW,0.7712,-8.2,230.1,0.7244,,,2026-10-08T17:41Z
2027_20261023_MIN_ORL,2026-10-23,MIN,ORL,0.607,-3,226.2,0.5749,,,2026-10-03T02:54Z
2027_20261023_NOP_UTA,2026-10-23,NOP,UTA,0.5735,-2.1,243.3,0.5189,,,2026-10-08T17:41Z
2027_20261023_NYK_BOS,2026-10-23,NYK,BOS,0.4717,0.7,220.1,0.4325,-2.5,223.5,2026-10-03T02:54Z
2027_20261023_POR_SAC,2026-10-23,POR,SAC,0.3026,5.5,225.3,0.3887,,,2026-10-10T16:05Z
2027_20261023_TOR_WAS,2026-10-23,TOR,WAS,0.3096,5.5,230.3,0.2637,,,2026-10-03T02:54Z
2027_20261024_BKN_CLE,2026-10-24,BKN,CLE,0.8324,-10.5,223.9,0.8483,,,2026-10-03T02:54Z
2027_20261024_GSW_PHX,2026-10-24,GSW,PHX,0.7019,-5.6,221.5,0.6770,,,2026-10-03T02:54Z
2027_20261024_HOU_ATL,2026-10-24,HOU,ATL,0.4747,0.7,221.6,0.5226,,,2026-10-03T02:54Z
2027_20261024_MIA_CHA,2026-10-24,MIA,CHA,0.604,-2.8,226.8,0.6835,,,2026-10-09T17:16Z
2027_20261024_MIL_PHI,2026-10-24,MIL,PHI,0.7727,-8,224.8,0.7591,,,2026-10-03T02:54Z
2027_20261024_NOP_DEN,2026-10-24,NOP,DEN,0.8227,-10.5,238.9,0.8122,,,2026-10-03T02:54Z
2027_20261024_SAS_DAL,2026-10-24,SAS,DAL,0.259,7.1,226.9,0.2144,,,2026-10-03T02:54Z
2027_20261024_WAS_CHI,2026-10-24,WAS,CHI,0.6886,-5.6,238.4,0.7028,,,2026-10-08T17:41Z
2027_20261025_DET_PHI,2026-10-25,DET,PHI,0.5842,-2.2,220.2,0.4774,,,2026-10-03T02:54Z
2027_20261025_IND_BKN,2026-10-25,IND,BKN,0.3929,2.9,229,0.5075,,,2026-10-03T02:54Z
2027_20261025_LAC_OKC,2026-10-25,LAC,OKC,0.8034,-9.3,222,0.7726,,,2026-10-06T17:02Z
2027_20261025_LAL_UTA,2026-10-25,LAL,UTA,0.3975,2.8,232.1,0.3330,,,2026-10-08T17:41Z
2027_20261025_MEM_SAC,2026-10-25,MEM,SAC,0.6107,-3.1,231.4,0.6291,,,2026-10-08T17:41Z
2027_20261025_ORL_NYK,2026-10-25,ORL,NYK,0.7451,-7.1,220.7,0.7830,,,2026-10-03T02:54Z
2027_20261025_TOR_MIN,2026-10-25,TOR,MIN,0.6077,-3,228.6,0.6041,,,2026-10-03T02:54Z
2027_20261026_ATL_HOU,2026-10-26,ATL,HOU,0.6884,-5.2,221.6,0.6466,,,2026-10-03T02:54Z
2027_20261026_CHI_BOS,2026-10-26,CHI,BOS,0.8167,-10.2,229.5,0.8257,,,2026-10-08T17:41Z
2027_20261026_DAL_MIA,2026-10-26,DAL,MIA,0.6922,-5.6,232.9,0.7333,,,2026-10-09T17:16Z
2027_20261026_GSW_DEN,2026-10-26,GSW,DEN,0.7528,-7.4,229.6,0.7931,,,2026-10-03T02:54Z
2027_20261026_IND_MIL,2026-10-26,IND,MIL,0.4895,0.3,230.1,0.5933,,,2026-10-03T02:54Z
2027_20261026_MEM_UTA,2026-10-26,MEM,UTA,0.6779,-5.2,242.3,0.6396,,,2026-10-08T17:41Z
2027_20261026_MIN_CLE,2026-10-26,MIN,CLE,0.5991,-2.7,228.8,0.6113,,,2026-10-03T02:54Z
2027_20261026_PHX_OKC,2026-10-26,PHX,OKC,0.7465,-7.1,220.2,0.7699,,,2026-10-03T02:54Z
2027_20261026_WAS_CHA,2026-10-26,WAS,CHA,0.8213,-10.3,229,0.8817,,,2026-10-03T02:54Z
2027_20261027_BKN_BOS,2026-10-27,BKN,BOS,0.8705,-12.4,220.8,0.8702,,,2026-10-03T02:54Z
2027_20261027_DET_NYK,2026-10-27,DET,NYK,0.7482,-7.1,219,0.7214,,,2026-10-03T02:54Z
2027_20261027_POR_LAL,2026-10-27,POR,LAL,0.555,-1.4,222.1,0.6534,,,2026-10-10T16:05Z
2027_20261027_SAC_SAS,2026-10-27,SAC,SAS,0.9053,-14.9,222.2,0.8922,,,2026-10-03T02:54Z
2027_20261028_CHA_DET,2026-10-28,CHA,DET,0.6173,-3.1,219,0.6041,,,2026-10-03T02:54Z
2027_20261028_DEN_NOP,2026-10-28,DEN,NOP,0.3777,3.4,238.9,0.3922,,,2026-10-03T02:54Z
2027_20261028_GSW_MIN,2026-10-28,GSW,MIN,0.6676,-4.7,227.4,0.7122,,,2026-10-03T02:54Z
2027_20261028_HOU_MIL,2026-10-28,HOU,MIL,0.2861,6,222.2,0.3364,,,2026-10-03T02:54Z
2027_20261028_LAL_LAC,2026-10-28,LAL,LAC,0.5591,-1.5,221.4,0.5189,,,2026-10-06T17:02Z
2027_20261028_MIA_ATL,2026-10-28,MIA,ATL,0.619,-3.3,228,0.5969,,,2026-10-09T17:16Z
2027_20261028_NYK_CHI,2026-10-28,NYK,CHI,0.2206,8.6,231.1,0.1855,,,2026-10-08T17:41Z
2027_20261028_OKC_DAL,2026-10-28,OKC,DAL,0.2406,7.8,226.6,0.2274,,,2026-10-03T02:54Z
2027_20261028_ORL_TOR,2026-10-28,ORL,TOR,0.5411,-1.1,222,0.5786,,,2026-10-03T02:54Z
2027_20261028_PHI_IND,2026-10-28,PHI,IND,0.4638,1,229.5,0.3815,,,2026-10-03T02:54Z
2027_20261028_SAS_UTA,2026-10-28,SAS,UTA,0.2186,8.7,232.9,0.1995,,,2026-10-08T17:41Z
2027_20261028_WAS_CLE,2026-10-28,WAS,CLE,0.8377,-11.1,230.5,0.8702,,,2026-10-03T02:54Z
2027_20261029_CLE_ATL,2026-10-29,CLE,ATL,0.573,-1.9,224.4,0.5226,,,2026-10-03T02:54Z
2027_20261029_MEM_POR,2026-10-29,MEM,POR,0.8362,-11.1,232.2,0.7906,,,2026-10-10T16:05Z
2027_20261029_SAC_NOP,2026-10-29,SAC,NOP,0.6658,-4.7,232.4,0.6602,,,2026-10-03T02:54Z
2027_20261030_CHA_WAS,2026-10-30,CHA,WAS,0.3029,5.6,229,0.2119,1.5,235.5,2026-10-03T02:54Z
2027_20261030_CHI_BOS,2026-10-30,CHI,BOS,0.8167,-10.2,229.5,0.8257,-11.5,232.5,2026-10-08T17:41Z
2027_20261030_DEN_PHX,2026-10-30,DEN,PHX,0.6069,-2.9,229.1,0.5226,2.5,233.5,2026-10-09T17:16Z
2027_20261030_DET_BKN,2026-10-30,DET,BKN,0.2827,6.1,219.7,0.2248,7.5,225.5,2026-10-08T17:41Z
2027_20261030_HOU_DAL,2026-10-30,HOU,DAL,0.3304,4.7,226.5,0.3500,4.5,226.5,2026-10-10T16:05Z
2027_20261030_IND_MIA,2026-10-30,IND,MIA,0.6527,-4.3,233.3,0.7507,-3.5,241.5,2026-10-09T17:16Z
2027_20261030_LAC_MIN,2026-10-30,LAC,MIN,0.6259,-3.5,228.8,0.6291,-9.5,230.5,2026-10-06T17:02Z
2027_20261030_LAL_GSW,2026-10-30,LAL,GSW,0.5136,-0.4,220,0.4251,-1.5,236.5,2026-10-07T17:38Z
2027_20261030_NYK_PHI,2026-10-30,NYK,PHI,0.4008,2.6,222.9,0.3364,-1.5,231.5,2026-10-09T17:16Z
2027_20261030_ORL_TOR,2026-10-30,ORL,TOR,0.5411,-1.1,222,0.5786,-3.5,226.5,2026-10-03T02:54Z
2027_20261031_ATL_NOP,2026-10-31,ATL,NOP,0.3936,2.9,232.2,0.4548,,,2026-10-03T02:54Z
2027_20261031_CLE_MIL,2026-10-31,CLE,MIL,0.3731,3.4,225,0.3364,,,2026-10-03T02:54Z
2027_20261031_MIN_SAS,2026-10-31,MIN,SAS,0.7578,-7.7,226.4,0.7535,,,2026-10-03T02:54Z
2027_20261031_OKC_HOU,2026-10-31,OKC,HOU,0.4756,0.6,219.2,0.4362,,,2026-10-03T02:54Z
2027_20261031_PHI_CHA,2026-10-31,PHI,CHA,0.5541,-1.4,223,0.6670,,,2026-10-03T02:54Z
2027_20261031_POR_UTA,2026-10-31,POR,UTA,0.3681,3.7,236,0.3995,,,2026-10-10T16:05Z
2027_20261031_SAC_MEM,2026-10-31,SAC,MEM,0.5596,-1.6,231.4,0.5377,,,2026-10-08T17:41Z
2027_20261101_BKN_IND,2026-11-01,BKN,IND,0.7551,-7.6,229,0.6602,,,2026-10-03T02:54Z
2027_20261101_BOS_ORL,2026-11-01,BOS,ORL,0.5194,-0.5,219.1,0.5075,,,2026-10-03T02:54Z
2027_20261101_LAC_GSW,2026-11-01,LAC,GSW,0.5406,-1.1,223.3,0.4925,,,2026-10-06T17:02Z
2027_20261101_TOR_LAL,2026-11-01,TOR,LAL,0.5927,-2.4,221.2,0.6221,,,2026-10-03T02:54Z
2027_20261102_ATL_IND,2026-11-02,ATL,IND,0.4797,0.5,229.5,0.3851,,,2026-10-03T15:02Z
2027_20261102_BKN_NYK,2026-11-02,BKN,NYK,0.9141,-15.5,222.4,0.9256,,,2026-10-03T15:02Z
2027_20261102_BOS_HOU,2026-11-02,BOS,HOU,0.6079,-2.8,218.8,0.5414,,,2026-10-03T15:02Z
2027_20261102_CHI_PHI,2026-11-02,CHI,PHI,0.7695,-8.2,232.4,0.7591,,,2026-10-08T17:41Z
2027_20261102_DET_CHA,2026-11-02,DET,CHA,0.5527,-1.4,219,0.5638,,,2026-10-03T15:02Z
2027_20261102_MIA_LAL,2026-11-02,MIA,LAL,0.6035,-2.8,225,0.6534,,,2026-10-09T17:16Z
2027_20261102_MIL_MIN,2026-11-02,MIL,MIN,0.7602,-7.8,229.1,0.7805,,,2026-10-03T15:02Z
2027_20261102_NOP_MEM,2026-11-02,NOP,MEM,0.4744,0.7,239.4,0.4623,,,2026-10-08T17:41Z
2027_20261102_OKC_CLE,2026-11-02,OKC,CLE,0.3795,3.2,222,0.4399,,,2026-10-03T15:02Z
2027_20261102_PHX_GSW,2026-11-02,PHX,GSW,0.4588,1.1,221.5,0.4887,,,2026-10-03T15:02Z
2027_20261102_POR_DEN,2026-11-02,POR,DEN,0.6677,-4.7,231.7,0.7274,,,2026-10-10T16:05Z
2027_20261102_SAC_DAL,2026-11-02,SAC,DAL,0.7028,-5.8,229.2,0.6149,,,2026-10-03T15:02Z
2027_20261102_TOR_LAC,2026-11-02,TOR,LAC,0.5667,-1.8,224.5,0.5601,,,2026-10-06T17:02Z
2027_20261102_UTA_SAS,2026-11-02,UTA,SAS,0.9097,-15.8,232.9,0.9192,,,2026-10-08T17:41Z
2027_20261102_WAS_ORL,2026-11-02,WAS,ORL,0.8421,-11.5,227.9,0.8521,,,2026-10-03T15:02Z
2027_20261104_ATL_WAS,2026-11-04,ATL,WAS,0.2894,6.1,230.2,0.2786,,,2026-10-05T19:28Z
2027_20261104_CHA_BKN,2026-11-04,CHA,BKN,0.3106,5.3,222.5,0.2409,,,2026-10-05T19:28Z
2027_20261104_CHI_NYK,2026-11-04,CHI,NYK,0.8758,-13.3,231.1,0.8979,,,2026-10-08T17:41Z
2027_20261104_CLE_OKC,2026-11-04,CLE,OKC,0.7655,-7.7,222,0.7183,,,2026-10-05T19:28Z
2027_20261104_DAL_SAS,2026-11-04,DAL,SAS,0.851,-11.8,226.9,0.8801,,,2026-10-05T19:28Z
2027_20261104_IND_MEM,2026-11-04,IND,MEM,0.3882,3.1,236.6,0.5302,,,2026-10-08T17:41Z
2027_20261104_LAL_SAC,2026-11-04,LAL,SAC,0.3295,4.6,221.3,0.3230,,,2026-10-05T19:28Z
2027_20261104_MIA_LAC,2026-11-04,MIA,LAC,0.5777,-2.1,228.3,0.5933,,,2026-10-09T17:16Z
2027_20261104_MIL_BOS,2026-11-04,MIL,BOS,0.8192,-9.9,221.9,0.8235,,,2026-10-05T19:28Z
2027_20261104_MIN_HOU,2026-11-04,MIN,HOU,0.6891,-5.3,226,0.6078,,,2026-10-05T19:28Z
2027_20261104_PHI_DET,2026-11-04,PHI,DET,0.5866,-2.3,220.2,0.6835,,,2026-10-05T19:28Z
2027_20261104_POR_PHX,2026-11-04,POR,PHX,0.6085,-2.9,223.5,0.5933,,,2026-10-10T16:05Z
2027_20261104_TOR_DEN,2026-11-04,TOR,DEN,0.7013,-5.7,230.8,0.7028,,,2026-10-05T19:28Z
2027_20261104_UTA_NOP,2026-11-04,UTA,NOP,0.6771,-5.2,243.3,0.7244,,,2026-10-08T17:41Z
2027_20261105_MIA_GSW,2026-11-05,MIA,GSW,0.5322,-0.9,226.9,0.4962,,,2026-10-09T17:16Z
2027_20261105_ORL_PHX,2026-11-05,ORL,PHX,0.6024,-2.8,220.3,0.5564,,,2026-10-06T17:02Z
2027_20261106_BOS_CHA,2026-11-06,BOS,CHA,0.4822,0.5,220.1,0.5712,,,2026-10-07T17:38Z
2027_20261106_MIN_NOP,2026-11-06,MIN,NOP,0.3944,3,236.6,0.4140,,,2026-10-07T17:38Z
2027_20261106_OKC_MEM,2026-11-06,OKC,MEM,0.1455,12,228.8,0.1765,,,2026-10-08T17:41Z
2027_20261106_PHI_CLE,2026-11-06,PHI,CLE,0.5822,-2.2,224.4,0.6396,-1.5,233.5,2026-10-10T16:05Z
2027_20261106_POR_LAL,2026-11-06,POR,LAL,0.555,-1.4,222.1,0.6534,-3.5,238.5,2026-10-10T16:05Z
2027_20261106_SAS_SAC,2026-11-06,SAS,SAC,0.1725,10.3,222.2,0.1924,,,2026-10-07T17:38Z
2027_20261106_TOR_MIL,2026-11-06,TOR,MIL,0.408,2.5,224.8,0.3744,,,2026-10-07T17:38Z
2027_20261106_UTA_DAL,2026-11-06,UTA,DAL,0.7134,-6.4,240,0.6835,,,2026-10-08T17:41Z
2027_20261106_WAS_ATL,2026-11-06,WAS,ATL,0.8303,-10.9,230.2,0.8363,,,2026-10-07T17:38Z
2027_20261107_BKN_ATL,2026-11-07,BKN,ATL,0.8251,-10.3,223.6,0.8122,,,2026-10-08T17:41Z
2027_20261107_DEN_IND,2026-11-07,DEN,IND,0.3793,3.3,236.1,0.2579,,,2026-10-08T17:41Z
2027_20261107_HOU_PHX,2026-11-07,HOU,PHX,0.5132,-0.3,220.1,0.5189,,,2026-10-08T17:41Z
2027_20261107_NYK_CLE,2026-11-07,NYK,CLE,0.3975,2.7,223.1,0.3887,,,2026-10-08T17:41Z
2027_20261107_ORL_GSW,2026-11-07,ORL,GSW,0.4758,0.6,220.8,0.4548,,,2026-10-08T17:41Z
2027_20261107_SAS_POR,2026-11-07,SAS,POR,0.4043,2.6,223,0.3466,,,2026-10-10T16:05Z
2027_20261107_WAS_OKC,2026-11-07,WAS,OKC,0.9226,-16.8,227.8,0.9235,,,2026-10-08T17:41Z
2027_20261108_BKN_DAL,2026-11-08,BKN,DAL,0.7204,-6.4,228.5,0.6803,,,2026-10-09T17:16Z
2027_20261108_BOS_MIL,2026-11-08,BOS,MIL,0.3055,5.4,221.9,0.2972,,,2026-10-09T17:16Z
2027_20261108_LAL_DET,2026-11-08,LAL,DET,0.6179,-3.1,217.2,0.6361,,,2026-10-09T17:16Z
2027_20261108_MIA_SAC,2026-11-08,MIA,SAC,0.3462,4.3,228.2,0.3887,,,2026-10-09T17:16Z
2027_20261108_NOP_LAC,2026-11-08,NOP,LAC,0.721,-6.4,232.5,0.6996,,,2026-10-09T17:16Z
2027_20261108_PHI_CHI,2026-11-08,PHI,CHI,0.3742,3.5,232.4,0.3887,,,2026-10-09T17:16Z
2027_20261108_UTA_MIN,2026-11-08,UTA,MIN,0.8196,-10.6,239.5,0.8383,,,2026-10-09T17:16Z
2027_20261109_CLE_CHA,2026-11-09,CLE,CHA,0.5571,-1.5,223.2,0.6113,,,2026-10-10T16:05Z
2027_20261109_DEN_HOU,2026-11-09,DEN,HOU,0.6738,-4.8,228.1,0.5860,,,2026-10-10T16:05Z
2027_20261109_IND_DAL,2026-11-09,IND,DAL,0.5414,-1.1,234.4,0.6078,,,2026-10-10T16:05Z
2027_20261109_LAL_ATL,2026-11-09,LAL,ATL,0.6013,-2.7,221.2,0.5264,,,2026-10-10T16:05Z
2027_20261109_MEM_TOR,2026-11-09,MEM,TOR,0.814,-10,231.3,0.8122,,,2026-10-10T16:05Z
2027_20261109_NOP_GSW,2026-11-09,NOP,GSW,0.6828,-5.2,231.1,0.6149,,,2026-10-10T16:05Z
2027_20261109_SAS_PHX,2026-11-09,SAS,PHX,0.4275,1.9,220.5,0.3534,,,2026-10-10T16:05Z
2027_20261109_WAS_DET,2026-11-09,WAS,DET,0.8401,-11.1,226.3,0.8908,,,2026-10-10T16:05Z
